candidate_source_id,x_m,y_m,Q_hat_Bq_s,J,description,relative_likelihood,normalized_likelihood
CS_00001,-500.0,-500.0,29.718631284026852,91.4159415866826,synthetic inverse modeling grid point,1.4166536379235447e-19,9.343785294410825e-20
CS_00002,-500.0,-450.0,9.852998921621255,91.90721780945069,synthetic inverse modeling grid point,1.1081139057692214e-19,7.30875786436754e-20
CS_00003,-500.0,-400.0,4.000748738418284,92.14004438528681,synthetic inverse modeling grid point,9.863402509216079e-20,6.505578558606143e-20
CS_00004,-500.0,-350.0,1.9873419426503565,92.21317302387962,synthetic inverse modeling grid point,9.509267713539144e-20,6.272002798977599e-20
CS_00005,-500.0,-300.0,1.207457959607613,92.14608660785106,synthetic inverse modeling grid point,9.833649039517128e-20,6.485954140527617e-20
CS_00006,-500.0,-250.0,0.8979106933704876,91.8842800527962,synthetic inverse modeling grid point,1.120895886712972e-19,7.393063641290341e-20
CS_00007,-500.0,-200.0,0.8192345010536829,91.22560604658169,synthetic inverse modeling grid point,1.5580970976914551e-19,1.0276700217290032e-19
CS_00008,-500.0,-150.0,0.9239363517831838,89.51048223739977,synthetic inverse modeling grid point,3.673067603178697e-19,2.4226355784652394e-19
CS_00009,-500.0,-100.0,1.3177998470510415,84.36429477485704,synthetic inverse modeling grid point,4.814035965643584e-18,3.175181092851782e-18
CS_00010,-500.0,-50.0,2.4754534594963373,67.03377012607383,synthetic inverse modeling grid point,2.791161347478292e-14,1.8409589792973148e-14
CS_00011,-500.0,0.0,4.18452127147203,41.96064383392978,synthetic inverse modeling grid point,7.768642540481101e-09,5.123943212659804e-09
CS_00012,-500.0,50.0,2.2530863267772387,78.08711035052839,synthetic inverse modeling grid point,1.110663779963969e-16,7.325576002807083e-17
CS_00013,-500.0,100.0,1.147033346979156,95.77714803661279,synthetic inverse modeling grid point,1.6004412388288574e-20,1.0555988359904795e-20
CS_00014,-500.0,150.0,0.7924527957792595,100.5981976858357,synthetic inverse modeling grid point,1.4366868066190458e-21,9.47591754046346e-22
CS_00015,-500.0,200.0,0.6993453435093089,102.13766721896691,synthetic inverse modeling grid point,6.65381224479987e-22,4.388637514520473e-22
CS_00016,-500.0,250.0,0.7652236935541078,102.71419342899154,synthetic inverse modeling grid point,4.987460464632052e-22,3.2895662354131047e-22
CS_00017,-500.0,300.0,1.0283788252484998,102.94036041119487,synthetic inverse modeling grid point,4.454181706226034e-22,2.93783296150436e-22
CS_00018,-500.0,350.0,1.6923286143959417,102.9980668966976,synthetic inverse modeling grid point,4.327500490619481e-22,2.8542781639324166e-22
CS_00019,-500.0,400.0,3.407418022657213,102.93557935251081,synthetic inverse modeling grid point,4.464842295438349e-22,2.944864338408724e-22
CS_00020,-500.0,450.0,8.396194986467018,102.73629958981634,synthetic inverse modeling grid point,4.932637204164062e-22,3.253406601100282e-22
CS_00021,-500.0,500.0,25.3528165822129,102.3147769408848,synthetic inverse modeling grid point,6.089920937851348e-22,4.0167132021504745e-22
CS_00022,-450.0,-500.0,35.679438995422906,91.30298920756559,synthetic inverse modeling grid point,1.4989632268393437e-19,9.886672494155516e-20
CS_00023,-450.0,-450.0,10.996817349140017,91.88331614083157,synthetic inverse modeling grid point,1.1214362393937632e-19,7.396627631314023e-20
CS_00024,-450.0,-400.0,4.2079205738253505,92.15632944941933,synthetic inverse modeling grid point,9.783415528214317e-20,6.45282175505012e-20
CS_00025,-450.0,-350.0,1.9961403855502595,92.253202862986,synthetic inverse modeling grid point,9.320832533235689e-20,6.147717100657591e-20
CS_00026,-450.0,-300.0,1.1734711888480536,92.2080309611623,synthetic inverse modeling grid point,9.533747795072428e-20,6.288149062235846e-20
CS_00027,-450.0,-250.0,0.855360101051616,91.9771399395147,synthetic inverse modeling grid point,1.0700424504986026e-19,7.05765096401338e-20
CS_00028,-450.0,-200.0,0.7747899006902362,91.37640879673275,synthetic inverse modeling grid point,1.4449343564077867e-19,9.530315688583782e-20
CS_00029,-450.0,-150.0,0.8782882967424877,89.7896110867802,synthetic inverse modeling grid point,3.194602757080168e-19,2.1070557731275812e-19
CS_00030,-450.0,-100.0,1.274528712665475,84.91776016508032,synthetic inverse modeling grid point,3.650277219554468e-18,2.4076037848311806e-18
CS_00031,-450.0,-50.0,2.4845078238886344,67.57377761251018,synthetic inverse modeling grid point,2.1307073623330946e-14,1.4053450741878028e-14
CS_00032,-450.0,0.0,4.439433492265787,39.6936774289706,synthetic inverse modeling grid point,2.4132962543396384e-08,1.5917314895267576e-08
CS_00033,-450.0,50.0,2.2540576819844667,78.87414500887742,synthetic inverse modeling grid point,7.493422234941232e-17,4.942416876596742e-17
CS_00034,-450.0,100.0,1.1069993127774058,96.34695016769498,synthetic inverse modeling grid point,1.2036737037158326e-20,7.939039120764952e-21
CS_00035,-450.0,150.0,0.752592354596705,100.86115578465257,synthetic inverse modeling grid point,1.2596836077477902e-21,8.308462177767267e-22
CS_00036,-450.0,200.0,0.6611230048945294,102.27244985793962,synthetic inverse modeling grid point,6.220178728474583e-22,4.1026269919383435e-22
CS_00037,-450.0,250.0,0.7287925037280787,102.79488366363151,synthetic inverse modeling grid point,4.790245860488516e-22,3.1594899155061163e-22
CS_00038,-450.0,300.0,0.9992875814329046,102.99355712622737,synthetic inverse modeling grid point,4.337269517458711e-22,2.8607214953775602e-22
CS_00039,-450.0,350.0,1.6996649268344026,103.03231249179466,synthetic inverse modeling grid point,4.254032360786674e-22,2.8058209819676113e-22
CS_00040,-450.0,400.0,3.583732665555632,102.94950134916441,synthetic inverse modeling grid point,4.433870458206877e-22,2.9244363248479433e-22
CS_00041,-450.0,450.0,9.37140533413805,102.71581643101025,synthetic inverse modeling grid point,4.983414777192638e-22,3.2868978319452266e-22
CS_00042,-450.0,500.0,30.445721640905788,102.21765462018067,synthetic inverse modeling grid point,6.392952806502177e-22,4.216583138050096e-22
CS_00043,-400.0,-500.0,43.849388216129725,91.15384823024831,synthetic inverse modeling grid point,1.6150148887675199e-19,1.0652111401089626e-19
CS_00044,-400.0,-450.0,12.464672613305753,91.84722051940372,synthetic inverse modeling grid point,1.1418594511430438e-19,7.531332474120395e-20
CS_00045,-400.0,-400.0,4.466332209255204,92.16756920815017,synthetic inverse modeling grid point,9.728588119177705e-20,6.416659384476756e-20
CS_00046,-400.0,-350.0,2.013452285022113,92.28986755257844,synthetic inverse modeling grid point,9.151516538919846e-20,6.036041793762124e-20
CS_00047,-400.0,-300.0,1.141286849836057,92.26621241013972,synthetic inverse modeling grid point,9.260399393093334e-20,6.107857372701443e-20
CS_00048,-400.0,-250.0,0.8137496214716752,92.06408037953905,synthetic inverse modeling grid point,1.024523986224184e-19,6.757426021426226e-20
CS_00049,-400.0,-200.0,0.7313312374654024,91.51514713246728,synthetic inverse modeling grid point,1.3480980194522908e-19,8.891614797280804e-20
CS_00050,-400.0,-150.0,0.8339857963006287,90.0411911179015,synthetic inverse modeling grid point,2.817000684425155e-19,1.8580017630885112e-19
CS_00051,-400.0,-100.0,1.2341020708058326,85.41474956204951,synthetic inverse modeling grid point,2.847121308963031e-18,1.8778683445224876e-18
CS_00052,-400.0,-50.0,2.5038409478286687,68.0470065704671,synthetic inverse modeling grid point,1.681757774210097e-14,1.1092325702461826e-14
CS_00053,-400.0,0.0,4.755826832717506,36.97115144624239,synthetic inverse modeling grid point,9.414551693253466e-08,6.209531201559641e-08
CS_00054,-400.0,50.0,2.264482249201148,79.59008033104351,synthetic inverse modeling grid point,5.2386191326324334e-17,3.4552223002269115e-17
CS_00055,-400.0,100.0,1.069818577656799,96.85574883087101,synthetic inverse modeling grid point,9.333070508994133e-21,6.155788870274666e-21
CS_00056,-400.0,150.0,0.7140474030011468,101.09545107888317,synthetic inverse modeling grid point,1.1204304449868926e-21,7.389993739488571e-22
CS_00057,-400.0,200.0,0.6238067270608227,102.39520373438494,synthetic inverse modeling grid point,5.8498832430819e-22,3.858392168522346e-22
CS_00058,-400.0,250.0,0.6931935733382524,102.87000245312302,synthetic inverse modeling grid point,4.61366403679229e-22,3.043022304557018e-22
CS_00059,-400.0,300.0,0.9717496880506458,103.04339753308493,synthetic inverse modeling grid point,4.2305195189993863e-22,2.7903126784952193e-22
CS_00060,-400.0,350.0,1.7142620935373287,103.06364745596667,synthetic inverse modeling grid point,4.187901787517158e-22,2.7622034129665987e-22
CS_00061,-400.0,400.0,3.8037156452480048,102.95910405678009,synthetic inverse modeling grid point,4.412632902706935e-22,2.910428725992626e-22
CS_00062,-400.0,450.0,10.623172226824124,102.68488219503226,synthetic inverse modeling grid point,5.061093022244625e-22,3.338131868577938e-22
CS_00063,-400.0,500.0,37.42983873187521,102.08930160483021,synthetic inverse modeling grid point,6.816681483073879e-22,4.496060751418884e-22
CS_00064,-350.0,-500.0,55.370686760853744,90.95521306754443,synthetic inverse modeling grid point,1.7836498759749718e-19,1.1764372769296543e-19
CS_00065,-350.0,-450.0,14.38415275716304,91.79562721933256,synthetic inverse modeling grid point,1.1716988229683399e-19,7.72814323731042e-20
CS_00066,-350.0,-400.0,4.791234693062374,92.1730397386186,synthetic inverse modeling grid point,9.70201421023001e-20,6.399132100954976e-20
CS_00067,-350.0,-350.0,2.0410806284827805,92.32310645265706,synthetic inverse modeling grid point,9.000680246936396e-20,5.93655509573167e-20
CS_00068,-350.0,-300.0,1.1110899666376308,92.32083945279923,synthetic inverse modeling grid point,9.010888301678157e-20,5.943287995660577e-20
CS_00069,-350.0,-250.0,0.7730912625603771,92.1458223973661,synthetic inverse modeling grid point,9.834948201919205e-20,6.486811025670366e-20
CS_00070,-350.0,-200.0,0.6888432165316355,91.64365310265738,synthetic inverse modeling grid point,1.2642028171750312e-19,8.338269409018592e-20
CS_00071,-350.0,-150.0,0.7909905373519683,90.26805901611513,synthetic inverse modeling grid point,2.5149144391386783e-19,1.6587555295145218e-19
CS_00072,-350.0,-100.0,1.196720257327035,85.8526271607304,synthetic inverse modeling grid point,2.2872943613480182e-18,1.5086247509926513e-18
CS_00073,-350.0,-50.0,2.536198157526085,68.4184274607753,synthetic inverse modeling grid point,1.3967234425770116e-14,9.212332226978881e-15
CS_00074,-350.0,0.0,5.150355509888026,33.68767491142293,synthetic inverse modeling grid point,4.861804761915533e-07,3.2066878326919994e-07
CS_00075,-350.0,50.0,2.2869133266676047,80.2005971824874,synthetic inverse modeling grid point,3.860510827979763e-17,2.5462670152926842e-17
CS_00076,-350.0,100.0,1.035642899259566,97.30164362641543,synthetic inverse modeling grid point,7.467921122715588e-21,4.925597174799036e-21
CS_00077,-350.0,150.0,0.6767598753536125,101.30414242061744,synthetic inverse modeling grid point,1.0094112766384034e-21,6.657747518646044e-22
CS_00078,-350.0,200.0,0.5873711409074373,102.50786186008526,synthetic inverse modeling grid point,5.529473702941683e-22,3.6470604873543717e-22
CS_00079,-350.0,250.0,0.6584317090040247,102.94031769455262,synthetic inverse modeling grid point,4.454276841085202e-22,2.9378957093542427e-22
CS_00080,-350.0,300.0,0.9459199383802589,103.09011202621103,synthetic inverse modeling grid point,4.1328513021061866e-22,2.7258939084932845e-22
CS_00081,-350.0,350.0,1.7376534305235989,103.09203626695326,synthetic inverse modeling grid point,4.128876913904156e-22,2.7232725316766586e-22
CS_00082,-350.0,400.0,4.080365996455393,102.96377300194962,synthetic inverse modeling grid point,4.402343746718015e-22,2.903642334326553e-22
CS_00083,-350.0,450.0,12.260509263847437,102.64065783091837,synthetic inverse modeling grid point,5.174251310214118e-22,3.412767384187797e-22
CS_00084,-350.0,500.0,47.285576716121476,101.91814677711177,synthetic inverse modeling grid point,7.425723947136277e-22,4.897765294225775e-22
CS_00085,-300.0,-500.0,72.16347597835978,90.68696566473712,synthetic inverse modeling grid point,2.0396647547381484e-19,1.3452963399568047e-19
CS_00086,-300.0,-450.0,16.949999704764103,91.72378999081938,synthetic inverse modeling grid point,1.2145495841133707e-19,8.01077288024002e-20
CS_00087,-300.0,-400.0,5.204106547241247,92.17173104238648,synthetic inverse modeling grid point,9.708364782466334e-20,6.403320731251357e-20
CS_00088,-300.0,-350.0,2.081399637040106,92.35279693039092,synthetic inverse modeling grid point,8.868049899063009e-20,5.849076444572564e-20
CS_00089,-300.0,-300.0,1.0831115443868171,92.37203759326187,synthetic inverse modeling grid point,8.783145379487663e-20,5.793076192979665e-20
CS_00090,-300.0,-250.0,0.7334032304971351,92.22289273247348,synthetic inverse modeling grid point,9.463166172104201e-20,6.241595726043322e-20
CS_00091,-300.0,-200.0,0.6473172361067168,91.76356567524383,synthetic inverse modeling grid point,1.1906334223354654e-19,7.85302967841781e-20
CS_00092,-300.0,-150.0,0.7492691549358506,90.47334323137089,synthetic inverse modeling grid point,2.2695842731096633e-19,1.4969437544798545e-19
CS_00093,-300.0,-100.0,1.1626059603457746,86.2301355937085,synthetic inverse modeling grid point,1.8938568307451267e-18,1.249126189431409e-18
CS_00094,-300.0,-50.0,2.5852250813766013,68.64359097399057,synthetic inverse modeling grid point,1.2480063259965294e-14,8.231442636373896e-15
CS_00095,-300.0,0.0,5.643920619019883,29.727848760631154,synthetic inverse modeling grid point,3.520974160871166e-06,2.322319705088283e-06
CS_00096,-300.0,50.0,2.3247416168891637,80.66281222294053,synthetic inverse modeling grid point,3.0639103531776476e-17,2.0208553265974412e-17
CS_00097,-300.0,100.0,1.0046380113794233,97.68408783707822,synthetic inverse modeling grid point,6.168122880091238e-21,4.068292652365735e-21
CS_00098,-300.0,150.0,0.640677257665759,101.49056784730726,synthetic inverse modeling grid point,9.195733680661016e-22,6.065205978126031e-22
CS_00099,-300.0,200.0,0.5517986273661323,102.61215590169837,synthetic inverse modeling grid point,5.248517306677084e-22,3.46175081295607e-22
CS_00100,-300.0,250.0,0.6245182241215713,103.00639910051403,synthetic inverse modeling grid point,4.309509185395262e-22,2.842411685868822e-22
CS_00101,-300.0,300.0,0.9219928357904084,103.1338442387995,synthetic inverse modeling grid point,4.043462787177711e-22,2.666936159829882e-22
CS_00102,-300.0,350.0,1.7718588918070628,103.11738439427572,synthetic inverse modeling grid point,4.0768774831577763e-22,2.6889754033370935e-22
CS_00103,-300.0,400.0,4.431994413256484,102.96264675633017,synthetic inverse modeling grid point,4.404823505036741e-22,2.905277902025808e-22
CS_00104,-300.0,450.0,14.449894755998065,102.57905888661884,synthetic inverse modeling grid point,5.336095076984133e-22,3.5195142535322523e-22
CS_00105,-300.0,500.0,61.66350554733009,101.68662844341077,synthetic inverse modeling grid point,8.337049260607722e-22,5.498845744272831e-22
CS_00106,-250.0,-500.0,97.60065985054227,90.31778645198742,synthetic inverse modeling grid point,2.453155278679522e-19,1.6180212018111566e-19
CS_00107,-250.0,-450.0,20.469326878104333,91.62472491585878,synthetic inverse modeling grid point,1.2762241464759465e-19,8.417558175823866e-20
CS_00108,-250.0,-400.0,5.7359297995733645,92.16221595437923,synthetic inverse modeling grid point,9.754662800223919e-20,6.433857393559144e-20
CS_00109,-250.0,-350.0,2.1375896085154276,92.37874748187556,synthetic inverse modeling grid point,8.753727790679405e-20,5.77367331098047e-20
CS_00110,-250.0,-300.0,1.057642178851942,92.4198763903918,synthetic inverse modeling grid point,8.575550494540867e-20,5.656153378451484e-20
CS_00111,-250.0,-250.0,0.694709839861926,92.29563370567882,synthetic inverse modeling grid point,9.125170013961589e-20,6.018664485302688e-20
CS_00112,-250.0,-200.0,0.6067514866873077,91.87626360541886,synthetic inverse modeling grid point,1.1253977042774037e-19,7.422756161487665e-20
CS_00113,-250.0,-150.0,0.7087962048707426,90.66028999857119,synthetic inverse modeling grid point,2.0670516980158925e-19,1.3633598744021424e-19
CS_00114,-250.0,-100.0,1.1320212426956242,86.54746458353017,synthetic inverse modeling grid point,1.6159950646616743e-18,1.065857632156176e-18
CS_00115,-250.0,-50.0,2.6558257309523197,68.66629160161426,synthetic inverse modeling grid point,1.2339211493601015e-14,8.138541405754435e-15
CS_00116,-250.0,0.0,6.2607980347439085,24.9935574423731,synthetic inverse modeling grid point,3.75578856703253e-05,2.477195627930107e-05
CS_00117,-250.0,50.0,2.382531823149961,80.92309264836601,synthetic inverse modeling grid point,2.6900284792413725e-17,1.774255038283279e-17
CS_00118,-250.0,100.0,0.9769988688503974,98.00394814896403,synthetic inverse modeling grid point,5.256494723946963e-21,3.467012457170172e-21
CS_00119,-250.0,150.0,0.6057558055097454,101.65817421338734,synthetic inverse modeling grid point,8.4565091893781965e-22,5.577637616600424e-22
CS_00120,-250.0,200.0,0.5170793742125942,102.70954913342862,synthetic inverse modeling grid point,4.999055542416761e-22,3.2972139704975335e-22
CS_00121,-250.0,250.0,0.5914706535899553,103.06862834110996,synthetic inverse modeling grid point,4.177485035165418e-22,2.7553328629017025e-22
CS_00122,-250.0,300.0,0.9002139949671619,103.1746773906167,synthetic inverse modeling grid point,3.961746147756178e-22,2.613038530000282e-22
CS_00123,-250.0,350.0,1.8195849692963215,103.13953434300767,synthetic inverse modeling grid point,4.0319752739028302e-22,2.659359370787466e-22
CS_00124,-250.0,400.0,4.885019522652663,102.95450531854256,synthetic inverse modeling grid point,4.422790848493825e-22,2.917128575689415e-22
CS_00125,-250.0,450.0,17.45404260472974,102.49406592172701,synthetic inverse modeling grid point,5.567747696773668e-22,3.6723047652182153e-22
CS_00126,-250.0,500.0,83.46862844105425,101.36726582005393,synthetic inverse modeling grid point,9.780500511307729e-22,6.450899104984105e-22
CS_00127,-200.0,-500.0,137.91425397795572,89.79736150730606,synthetic inverse modeling grid point,3.1822469558163823e-19,2.0989062896505583e-19
CS_00128,-200.0,-450.0,25.444862728893078,91.48786909061278,synthetic inverse modeling grid point,1.3666107171056937e-19,9.013718512305517e-20
CS_00129,-200.0,-400.0,6.432621615328425,92.14244060635383,synthetic inverse modeling grid point,9.851592139250671e-20,6.497788823821988e-20
CS_00130,-200.0,-350.0,2.21399352100032,92.40067589656663,synthetic inverse modeling grid point,8.658274346049045e-20,5.710715332518965e-20
CS_00131,-200.0,-300.0,1.0350514812781535,92.46439645219712,synthetic inverse modeling grid point,8.386767429203478e-20,5.53163822651083e-20
CS_00132,-200.0,-250.0,0.6570414596288175,92.36423159626518,synthetic inverse modeling grid point,8.817492968406027e-20,5.81573074223874e-20
CS_00133,-200.0,-200.0,0.5671507413049055,91.98281413277425,synthetic inverse modeling grid point,1.0670109390474524e-19,7.03765610333691e-20
CS_00134,-200.0,-150.0,0.6695567109562257,90.83208582460776,synthetic inverse modeling grid point,1.8969083534973796e-19,1.2511388743005105e-19
CS_00135,-200.0,-100.0,1.1052931877539676,86.80614471473189,synthetic inverse modeling grid point,1.4199346372489656e-18,9.365425695724992e-19
CS_00136,-200.0,-50.0,2.7546963759503,68.41548423685911,synthetic inverse modeling grid point,1.398780390640726e-14,9.225899185446777e-15
CS_00137,-200.0,0.0,7.023594197983805,19.479734641837275,synthetic inverse modeling grid point,0.0005915787206073259,0.0003901860272775737
CS_00138,-200.0,50.0,2.466527984937607,80.91404446177,synthetic inverse modeling grid point,2.702225989588861e-17,1.782300118235238e-17
CS_00139,-200.0,100.0,0.9529727526345315,98.26341001912871,synthetic inverse modeling grid point,4.6169460908665355e-21,3.045187040366354e-21
CS_00140,-200.0,150.0,0.5719632753498395,101.81033941162707,synthetic inverse modeling grid point,7.836982413049199e-22,5.169017963412547e-22
CS_00141,-200.0,200.0,0.48321105714611695,102.80118643054894,synthetic inverse modeling grid point,4.775173720440738e-22,3.149548823572018e-22
CS_00142,-200.0,250.0,0.5593124711564537,103.12722698618192,synthetic inverse modeling grid point,4.056863250872782e-22,2.6757746685705093e-22
CS_00143,-200.0,300.0,0.8808965106408875,103.21266066947487,synthetic inverse modeling grid point,3.887216057832942e-22,2.563880913800137e-22
CS_00144,-200.0,350.0,1.884528355577439,103.15824856846473,synthetic inverse modeling grid point,3.994423588411226e-22,2.634591503943804e-22
CS_00145,-200.0,400.0,5.47860593630061,102.93759082119648,synthetic inverse modeling grid point,4.460354107547192e-22,2.9419040760768944e-22
CS_00146,-200.0,450.0,21.7033652868047,102.3765571958505,synthetic inverse modeling grid point,5.904678317441587e-22,3.8945332121975416e-22
CS_00147,-200.0,500.0,118.08249546818652,100.91558855656486,synthetic inverse modeling grid point,1.2258619123619818e-21,8.085385307374891e-22
CS_00148,-150.0,-500.0,205.3117648671978,89.04224582404373,synthetic inverse modeling grid point,4.642000329272235e-19,3.061711998769099e-19
CS_00149,-150.0,-450.0,32.73560405581872,91.29673446503976,synthetic inverse modeling grid point,1.503658379274811e-19,9.917640188097868e-20
CS_00150,-150.0,-400.0,7.3643629152934444,92.10938436719191,synthetic inverse modeling grid point,1.0015773499211977e-19,6.606077493384958e-20
CS_00151,-150.0,-350.0,2.316672632166163,92.41816643858009,synthetic inverse modeling grid point,8.582885518780925e-20,5.660991321177475e-20
CS_00152,-150.0,-300.0,1.0158162503920063,92.50563039818397,synthetic inverse modeling grid point,8.21562792290079e-20,5.418760190590375e-20
CS_00153,-150.0,-250.0,0.620434619915345,92.42876240476322,synthetic inverse modeling grid point,8.537533778881189e-20,5.631078792877881e-20
CS_00154,-150.0,-200.0,0.5285258893257299,92.0839411039445,synthetic inverse modeling grid point,1.0144004403859418e-19,6.690654415298627e-20
CS_00155,-150.0,-150.0,0.6315481370363775,90.99170258921578,synthetic inverse modeling grid point,1.751402676305005e-19,1.1551680759057674e-19
CS_00156,-150.0,-100.0,1.0828518939343075,87.00867659046052,synthetic inverse modeling grid point,1.2831845304152907e-18,8.463466597864996e-19
CS_00157,-150.0,-50.0,2.8911348219482256,67.80121303373048,synthetic inverse modeling grid point,1.9016773432732197e-14,1.2542843443959393e-14
CS_00158,-150.0,0.0,7.937398866309383,13.454879207224549,synthetic inverse modeling grid point,0.012030765966108583,0.007935100797072207
CS_00159,-150.0,50.0,2.5854256819034758,80.55032690232365,synthetic inverse modeling grid point,3.2411709008089286e-17,2.137770601714658e-17
CS_00160,-150.0,100.0,0.9328935655255819,98.46564763066031,synthetic inverse modeling grid point,4.17291428685897e-21,2.752318146413003e-21
CS_00161,-150.0,150.0,0.5392809754582948,101.9502117626906,synthetic inverse modeling grid point,7.307620358738427e-22,4.819868019765203e-22
CS_00162,-150.0,200.0,0.4501982058089375,102.88786542479423,synthetic inverse modeling grid point,4.572640634473441e-22,3.015964606538792e-22
CS_00163,-150.0,250.0,0.5280729400837068,103.18230065680054,synthetic inverse modeling grid point,3.946674167714399e-22,2.603097543600921e-22
CS_00164,-150.0,300.0,0.8644448026946767,103.24783015102209,synthetic inverse modeling grid point,3.81945787221374e-22,2.5191898247847126e-22
CS_00165,-150.0,350.0,1.9718491961370777,103.17317405808066,synthetic inverse modeling grid point,3.9647251781759644e-22,2.6150034012915316e-22
CS_00166,-150.0,400.0,6.272633790491917,102.90931568314562,synthetic inverse modeling grid point,4.523860527061833e-22,2.983790838859034e-22
CS_00167,-150.0,450.0,27.93411204136494,102.21225786557196,synthetic inverse modeling grid point,6.410226700523571e-22,4.2279764350856997e-22
CS_00168,-150.0,500.0,176.08497231252394,100.25703483540339,synthetic inverse modeling grid point,1.703902245494147e-21,1.1238383411698143e-21
CS_00169,-100.0,-500.0,325.37379062262744,87.91026224990284,synthetic inverse modeling grid point,8.175461484193881e-19,5.392267717817102e-19
CS_00170,-100.0,-450.0,43.88412591705491,91.02463478847915,synthetic inverse modeling grid point,1.7228000385390116e-19,1.1363027090309835e-19
CS_00171,-100.0,-400.0,8.642273604932653,92.05849185923628,synthetic inverse modeling grid point,1.0273907761861973e-19,6.776334432891211e-20
CS_00172,-100.0,-350.0,2.454297611674594,92.43059772052831,synthetic inverse modeling grid point,8.529702837323592e-20,5.625913759265677e-20
CS_00173,-100.0,-300.0,1.000562031305245,92.54361222087861,synthetic inverse modeling grid point,8.061077829819701e-20,5.316823990497206e-20
CS_00174,-100.0,-250.0,0.5849324531582912,92.48924930801078,synthetic inverse modeling grid point,8.283194720542902e-20,5.463325046339037e-20
CS_00175,-100.0,-200.0,0.4908932585587644,92.18001903984343,synthetic inverse modeling grid point,9.668216575665769e-20,6.376840283648798e-20
CS_00176,-100.0,-150.0,0.5947818309283066,91.14178336453563,synthetic inverse modeling grid point,1.6247868022183807e-19,1.0716563754689791e-19
CS_00177,-100.0,-100.0,1.0652864082845104,87.15780025634693,synthetic inverse modeling grid point,1.19098782716886e-18,7.855367217094797e-19
CS_00178,-100.0,-50.0,3.07828125242844,66.70942688935672,synthetic inverse modeling grid point,3.2825789580863836e-14,2.1650820055964363e-14
CS_00179,-100.0,0.0,8.951096614007426,7.8217017628135395,synthetic inverse modeling grid point,0.20115101039911945,0.13267264507067933
CS_00180,-100.0,50.0,2.7515674429350283,79.72294712449171,synthetic inverse modeling grid point,4.901908124966758e-17,3.2331387028202615e-17
CS_00181,-100.0,100.0,0.9172322586640609,98.61417124150718,synthetic inverse modeling grid point,3.874252945812597e-21,2.5553308679580896e-21
CS_00182,-100.0,150.0,0.50770513634012,102.08058565419871,synthetic inverse modeling grid point,6.846453237880139e-22,4.515697229757745e-22
CS_00183,-100.0,200.0,0.4180513169742796,102.97003468631951,synthetic inverse modeling grid point,4.388582256970519e-22,2.894565704578133e-22
CS_00184,-100.0,250.0,0.4977872714752952,103.23389367643786,synthetic inverse modeling grid point,3.846165706187452e-22,2.536805440885125e-22
CS_00185,-100.0,300.0,0.8513898929647069,103.28021923344141,synthetic inverse modeling grid point,3.7581016630824657e-22,2.4787212706332613e-22
CS_00186,-100.0,350.0,2.088930317766318,103.18378148808881,synthetic inverse modeling grid point,3.943753069964964e-22,2.601170882809317e-22
CS_00187,-100.0,400.0,7.361953232137988,102.8657740845437,synthetic inverse modeling grid point,4.6234284911075555e-22,3.049462620114507e-22
CS_00188,-100.0,450.0,37.470406726109125,101.97798245717203,synthetic inverse modeling grid point,7.206852728342163e-22,4.753404977717092e-22
CS_00189,-100.0,500.0,279.760976984972,99.2623207210605,synthetic inverse modeling grid point,2.8018449650070558e-21,1.8480055449280423e-21
CS_00190,-50.0,-500.0,555.9460498160265,86.15782416820785,synthetic inverse modeling grid point,1.9635834871902587e-18,1.2951156175936386e-18
CS_00191,-50.0,-450.0,61.82659530892821,90.6265566708699,synthetic inverse modeling grid point,2.1022116461473483e-19,1.3865502292996517e-19
CS_00192,-50.0,-400.0,10.449614364133536,91.98268681628703,synthetic inverse modeling grid point,1.0670788652517625e-19,7.038104122423543e-20
CS_00193,-50.0,-350.0,2.6396256915184306,92.43702723300187,synthetic inverse modeling grid point,8.502325950515853e-20,5.607856857739921e-20
CS_00194,-50.0,-300.0,0.9901256420181069,92.5783714193129,synthetic inverse modeling grid point,7.922189931793046e-20,5.2252180633733934e-20
CS_00195,-50.0,-250.0,0.5505856936700396,92.54572074984085,synthetic inverse modeling grid point,8.052583800047811e-20,5.3112216055282726e-20
CS_00196,-50.0,-200.0,0.45427375790199276,92.27110507327811,synthetic inverse modeling grid point,9.237773072739474e-20,6.092933789848903e-20
CS_00197,-50.0,-150.0,0.5592842919689133,91.28455938517038,synthetic inverse modeling grid point,1.5128398777219062e-19,9.978198356921951e-20
CS_00198,-50.0,-100.0,1.0534271050723236,87.25534908864333,synthetic inverse modeling grid point,1.1342919838267869e-18,7.481419928150996e-19
CS_00199,-50.0,-50.0,3.335022385914518,64.99616013630862,synthetic inverse modeling grid point,7.731189700537744e-14,5.099240541115502e-14
CS_00200,-50.0,0.0,9.888064749910807,4.614303047841027,synthetic inverse modeling grid point,1.0,0.6595673807823941
CS_00201,-50.0,50.0,2.982799735987572,78.29203932267343,synthetic inverse modeling grid point,1.0024964614719146e-16,6.61213965336649e-17
CS_00202,-50.0,100.0,0.9066707970979996,98.71179807711333,synthetic inverse modeling grid point,3.6896789108584885e-21,2.43359185516297e-21
CS_00203,-50.0,150.0,0.4772479097995358,102.20380975452537,synthetic inverse modeling grid point,6.437361122329832e-22,4.2458734146055e-22
CS_00204,-50.0,200.0,0.38678577116065244,103.04782842452593,synthetic inverse modeling grid point,4.221157407090131e-22,2.78413773486464e-22
CS_00205,-50.0,250.0,0.46849730509066184,103.28204392665808,synthetic inverse modeling grid point,3.75467453537828e-22,2.4764608489898048e-22
CS_00206,-50.0,300.0,0.8424425627652571,103.30985538948245,synthetic inverse modeling grid point,3.7028243824161186e-22,2.4422621794073853e-22
CS_00207,-50.0,350.0,2.246636004649038,103.18926702350359,synthetic inverse modeling grid point,3.932951091828889e-22,2.5940462503828374e-22
CS_00208,-50.0,400.0,8.903077502123852,102.80089199702117,synthetic inverse modeling grid point,4.775876757811058e-22,3.150012524088952e-22
CS_00209,-50.0,450.0,52.83784046810981,101.63442477442042,synthetic inverse modeling grid point,8.557526452617825e-22,5.644265308329191e-22
CS_00210,-50.0,500.0,479.8903311761031,97.70286088063182,synthetic inverse modeling grid point,6.110496538913826e-21,4.030284197451277e-21
CS_00211,0.0,-500.0,1038.4589649041814,83.39886575599782,synthetic inverse modeling grid point,7.800987434223711e-18,5.145276849507302e-18
CS_00212,0.0,-450.0,92.54985482146276,90.02299662296707,synthetic inverse modeling grid point,2.8427445584164194e-19,1.8749815826281213e-19
CS_00213,0.0,-400.0,13.103329160756148,91.87057896909073,synthetic inverse modeling grid point,1.1286009928401388e-19,7.443884007959799e-20
CS_00214,0.0,-350.0,2.8920429180217764,92.43600593118953,synthetic inverse modeling grid point,8.506668779707451e-20,5.610721246215008e-20
CS_00215,0.0,-300.0,0.9856515015374733,92.60991069817939,synthetic inverse modeling grid point,7.798239746577396e-20,5.143464564363214e-20
CS_00216,0.0,-250.0,0.517454496515029,92.5982554602063,synthetic inverse modeling grid point,7.843817592757481e-20,5.1735262249899156e-20
CS_00217,0.0,-200.0,0.41869190512857657,92.35702116481154,synthetic inverse modeling grid point,8.849339304689299e-20,5.836735546848614e-20
CS_00218,0.0,-150.0,0.5250989095468404,91.42174815091725,synthetic inverse modeling grid point,1.412546657496373e-19,9.316696991178084e-20
CS_00219,0.0,-100.0,1.0484676101034587,87.30077841928929,synthetic inverse modeling grid point,1.1088173403429893e-18,7.313397489361259e-19
CS_00220,0.0,-50.0,3.6888474946309175,62.48366362250205,synthetic inverse modeling grid point,2.7153637480445807e-13,1.790965355169229e-13
CS_00221,0.0,0.0,10.393074746448814,7.017066329981098,synthetic inverse modeling grid point,0.30077835696625665,0.19838359310026588
CS_00222,0.0,50.0,3.305307669221995,76.07965680032537,synthetic inverse modeling grid point,3.0303696587353703e-16,1.9987329786145257e-16
CS_00223,0.0,100.0,0.9022108802921581,98.75931977991027,synthetic inverse modeling grid point,3.6030423537819175e-21,2.3764492081319716e-21
CS_00224,0.0,150.0,0.4479386129472071,102.32168939311177,synthetic inverse modeling grid point,6.06890912578005e-22,4.0028544962971164e-22
CS_00225,0.0,200.0,0.35642064262153567,103.12114667844295,synthetic inverse modeling grid point,4.0692155062475056e-22,2.683921813294771e-22
CS_00226,0.0,250.0,0.44025294963501527,103.32682556685158,synthetic inverse modeling grid point,3.671538508561553e-22,2.421627037533641e-22
CS_00227,0.0,300.0,0.8385753028980192,103.33674226427469,synthetic inverse modeling grid point,3.6533787986204264e-22,2.4096494852120044e-22
CS_00228,0.0,350.0,2.461478938943129,103.18839408330993,synthetic inverse modeling grid point,3.934668082052952e-22,2.5951787211277517e-22
CS_00229,0.0,400.0,11.166886873441525,102.70487779680425,synthetic inverse modeling grid point,5.010745324450453e-22,3.304924169415413e-22
CS_00230,0.0,450.0,79.20142150550875,101.11163052215011,synthetic inverse modeling grid point,1.1114030384125246e-21,7.330451910393434e-22
CS_00231,0.0,500.0,902.1013072852801,95.1897181352191,synthetic inverse modeling grid point,2.1468342521910346e-20,1.4159818446915706e-20
CS_00232,50.0,-500.0,2134.7467589583134,79.2909039723015,synthetic inverse modeling grid point,6.083901100951607e-17,4.0127427140937756e-17
CS_00233,50.0,-450.0,149.3043101450855,89.0666086630113,synthetic inverse modeling grid point,4.585797188020285e-19,3.024642240101807e-19
CS_00234,50.0,-400.0,17.183113677808635,91.7030275757777,synthetic inverse modeling grid point,1.2272237481300124e-19,8.094367531880648e-20
CS_00235,50.0,-350.0,3.2421322335362412,92.42526971977455,synthetic inverse modeling grid point,8.552456263007652e-20,5.64092117664794e-20
CS_00236,50.0,-300.0,0.9887443068948555,92.63816749272368,synthetic inverse modeling grid point,7.688837774495537e-20,5.071306592184754e-20
CS_00237,50.0,-250.0,0.485611372496432,92.64700377955194,synthetic inverse modeling grid point,7.654942319147823e-20,5.0489502554806354e-20
CS_00238,50.0,-200.0,0.38417491097629214,92.43748372868247,synthetic inverse modeling grid point,8.500385534436456e-20,5.606577022588804e-20
CS_00239,50.0,-150.0,0.4922888258846369,91.55437168619528,synthetic inverse modeling grid point,1.3219163283504533e-19,8.718928903035878e-20
CS_00240,50.0,-100.0,1.0521471950478636,87.28978841493034,synthetic inverse modeling grid point,1.1149270651467548e-18,7.353695241222468e-19
CS_00241,50.0,-50.0,4.179777333157377,58.967646071369444,synthetic inverse modeling grid point,1.5751485797294134e-12,1.0389166230752374e-12
CS_00242,50.0,0.0,10.059649454106218,17.551326280088514,synthetic inverse modeling grid point,0.0015515332923698682,0.0010233407498450786
CS_00243,50.0,50.0,3.7576409333407734,72.86931880383693,synthetic inverse modeling grid point,1.5087304218071927e-15,9.951093726180868e-16
CS_00244,50.0,100.0,0.9053350481806396,98.75422531503945,synthetic inverse modeling grid point,3.6122318390403656e-21,2.3825102928546245e-21
CS_00245,50.0,150.0,0.41982585236526043,102.43533366434028,synthetic inverse modeling grid point,5.73367529368123e-22,3.781745195710053e-22
CS_00246,50.0,200.0,0.3269775941667629,103.18977642841979,synthetic inverse modeling grid point,3.9319494870792495e-22,2.5933856245615386e-22
CS_00247,50.0,250.0,0.4131146346821968,103.36837027138029,synthetic inverse modeling grid point,3.596058678172772e-22,2.3718430035022135e-22
CS_00248,50.0,300.0,0.8411522302266856,103.36082750132064,synthetic inverse modeling grid point,3.609646406209806e-22,2.3808050256943836e-22
CS_00249,50.0,350.0,2.7595150596014952,103.17922960130721,synthetic inverse modeling grid point,3.9527390506122403e-22,2.6070977425286026e-22
CS_00250,50.0,400.0,14.649316020072039,102.5612429304547,synthetic inverse modeling grid point,5.383841240131868e-22,3.5510060653020127e-22
CS_00251,50.0,450.0,128.04340448501932,100.27834175359177,synthetic inverse modeling grid point,1.6858461433685343e-21,1.1119291251836847e-21
CS_00252,50.0,500.0,1874.1754464279127,91.2474037665861,synthetic inverse modeling grid point,1.5412078196748002e-19,1.0165304048642523e-19
CS_00253,100.0,-500.0,4643.631780243218,75.29349666071913,synthetic inverse modeling grid point,4.489604806297515e-16,2.9611968828377e-16
CS_00254,100.0,-450.0,264.4217367845854,87.47319392483108,synthetic inverse modeling grid point,1.017233040038863e-18,6.709337318637451e-19
CS_00255,100.0,-400.0,23.8223892992501,91.44615467731252,synthetic inverse modeling grid point,1.3954137302846366e-19,9.20369379191628e-20
CS_00256,100.0,-350.0,3.7403014825939493,92.40119755973961,synthetic inverse modeling grid point,8.656016289114086e-20,5.709225991820716e-20
CS_00257,100.0,-300.0,1.0017192507849502,92.66295914348579,synthetic inverse modeling grid point,7.594116570685017e-20,5.008831575882894e-20
CS_00258,100.0,-250.0,0.4551456357568352,92.69218180179223,synthetic inverse modeling grid point,7.483963137599876e-20,4.9361779645387384e-20
CS_00259,100.0,-200.0,0.3507520901084316,92.51224989722724,synthetic inverse modeling grid point,8.188481201518529e-20,5.400855098671448e-20
CS_00260,100.0,-150.0,0.4609410676469812,91.68252120247861,synthetic inverse modeling grid point,1.2398714310051839e-19,8.17778752255008e-20
CS_00261,100.0,-100.0,1.0670310757650252,87.21389265068628,synthetic inverse modeling grid point,1.1580492083093675e-18,7.638114831417346e-19
CS_00262,100.0,-50.0,4.864202765016948,54.26444701188652,synthetic inverse modeling grid point,1.6542769760775533e-11,1.0911071322000911e-11
CS_00263,100.0,0.0,8.800581581805028,34.927299793890036,synthetic inverse modeling grid point,2.6158714119509065e-07,1.7253434556440024e-07
CS_00264,100.0,50.0,4.395060051078114,68.43551280910086,synthetic inverse modeling grid point,1.3848425090366568e-14,9.133969464814266e-15
CS_00265,100.0,100.0,0.9182516873378079,98.69021263867728,synthetic inverse modeling grid point,3.7297162465716986e-21,2.4599991758128372e-21
CS_00266,100.0,150.0,0.3929806562319272,102.54496917643635,synthetic inverse modeling grid point,5.427827607279473e-22,3.580018038271691e-22
CS_00267,100.0,200.0,0.29848013746141444,103.25352544407623,synthetic inverse modeling grid point,3.808596877744618e-22,2.512026267110022e-22
CS_00268,100.0,250.0,0.3871570966976424,103.40686409340566,synthetic inverse modeling grid point,3.5275074724588023e-22,2.3266288642999754e-22
CS_00269,100.0,300.0,0.8521420131832474,103.38195633209094,synthetic inverse modeling grid point,3.5717133253911253e-22,2.3557856029337994e-22
CS_00270,100.0,350.0,3.183702862691227,103.15868024455257,synthetic inverse modeling grid point,3.993561532872876e-22,2.6340229202302855e-22
CS_00271,100.0,400.0,20.32138313251877,102.34071540515889,synthetic inverse modeling grid point,6.01144929788376e-22,3.9649558681113535e-22
CS_00272,100.0,450.0,227.57546173451573,98.87570293828577,synthetic inverse modeling grid point,3.3993594188559095e-21,2.242106588232754e-21
CS_00273,100.0,500.0,4149.605846199831,86.6069366449622,synthetic inverse modeling grid point,1.5686492133002626e-18,1.0346298529828173e-18
CS_00274,150.0,-500.0,8924.062498040023,79.65337765353293,synthetic inverse modeling grid point,5.075419989486747e-17,3.34758146883638e-17
CS_00275,150.0,-450.0,526.0228776678198,84.70048792811971,synthetic inverse modeling grid point,4.069170758085215e-18,2.6838922988665742e-18
CS_00276,150.0,-400.0,35.42339382914833,91.03617026904294,synthetic inverse modeling grid point,1.7128919763911278e-19,1.1297676744314747e-19
CS_00277,150.0,-350.0,4.474057664851076,92.35779748886723,synthetic inverse modeling grid point,8.845904993777355e-20,5.834470387395631e-20
CS_00278,150.0,-300.0,1.0280283783454327,92.68390812179463,synthetic inverse modeling grid point,7.514987222250184e-20,4.956640438792713e-20
CS_00279,150.0,-250.0,0.42617002131453796,92.73404133916095,synthetic inverse modeling grid point,7.32895333843744e-20,4.8339385573095656e-20
CS_00280,150.0,-200.0,0.31845480654904845,92.58123620422742,synthetic inverse modeling grid point,7.910850369979991e-20,5.2177388582891364e-20
CS_00281,150.0,-150.0,0.43117162934748066,91.80525600090805,synthetic inverse modeling grid point,1.166071364211431e-19,7.691026354982867e-20
CS_00282,150.0,-100.0,1.0969701095266058,87.0615299669723,synthetic inverse modeling grid point,1.2497183604993045e-18,8.242734657501941e-19
CS_00283,150.0,-50.0,5.8115996239599985,48.38219877957121,synthetic inverse modeling grid point,3.1327244713621945e-10,2.0662428742892727e-10
CS_00284,150.0,0.0,7.000739038553543,54.25623867525788,synthetic inverse modeling grid point,1.6610803587899634e-11,1.0955944215161757e-11
CS_00285,150.0,50.0,5.288060767798426,62.67468564090886,synthetic inverse modeling grid point,2.4680167981179467e-13,1.627823375261605e-13
CS_00286,150.0,100.0,0.9442943137223324,98.55800595530286,synthetic inverse modeling grid point,3.984594295457283e-21,2.628108422935229e-21
CS_00287,150.0,150.0,0.36750024979080087,102.6498766370412,synthetic inverse modeling grid point,5.150455983640691e-22,3.3970727629649e-22
CS_00288,150.0,200.0,0.27095346465494424,103.31233002667491,synthetic inverse modeling grid point,3.698245642213503e-22,2.439242191724663e-22
CS_00289,150.0,250.0,0.3624750365858093,103.44252283910458,synthetic inverse modeling grid point,3.465171582716057e-22,2.285514144773613e-22
CS_00290,150.0,300.0,0.8744806917546496,103.399808008142,synthetic inverse modeling grid point,3.539974648638596e-22,2.3348518070386344e-22
CS_00291,150.0,350.0,3.808645210919493,103.12162357659238,synthetic inverse modeling grid point,4.0682453212496808e-22,2.6832819109168815e-22
CS_00292,150.0,400.0,30.2454357144278,101.98792263555981,synthetic inverse modeling grid point,7.171122891262863e-22,4.729838742658916e-22
CS_00293,150.0,450.0,455.5682707832473,96.38530167057623,synthetic inverse modeling grid point,1.1808122492685652e-20,7.78825242445835e-21
CS_00294,150.0,500.0,8197.444367510187,87.74502668328789,synthetic inverse modeling grid point,8.87958613201995e-19,5.856685367528069e-19
CS_00295,200.0,-500.0,12325.943101218943,95.74919888639621,synthetic inverse modeling grid point,1.6229637297162933e-20,1.070453936313801e-20
CS_00296,200.0,-450.0,1197.0324264837268,79.99668170323633,synthetic inverse modeling grid point,4.2748852212638577e-17,2.8195748485343677e-17
CS_00297,200.0,-400.0,57.60820553723963,90.3439579221089,synthetic inverse modeling grid point,2.421263060291281e-19,1.5969861348614845e-19
CS_00298,200.0,-350.0,5.6050596415168075,92.28467444596379,synthetic inverse modeling grid point,9.175309816344605e-20,6.051735063433401e-20
CS_00299,200.0,-300.0,1.0730207429422656,92.70033436887115,synthetic inverse modeling grid point,7.453518474547492e-20,4.916097657870475e-20
CS_00300,200.0,-250.0,0.39883066428860403,92.77282326839362,synthetic inverse modeling grid point,7.188206878528647e-20,4.7411067833931286e-20
CS_00301,200.0,-200.0,0.28731695109684596,92.64458205327827,synthetic inverse modeling grid point,7.664217020680556e-20,5.0550675460781186e-20
CS_00302,200.0,-150.0,0.4031323487372776,91.92081297704131,synthetic inverse modeling grid point,1.1006069521194735e-19,7.25924444680335e-20
CS_00303,200.0,-100.0,1.1479410922924786,86.81850282676416,synthetic inverse modeling grid point,1.4111878329130604e-18,9.3077346274645e-19
CS_00304,200.0,-50.0,7.066278574365159,42.01567430206184,synthetic inverse modeling grid point,7.557800508532821e-09,4.9848786858888396e-09
CS_00305,200.0,0.0,5.147047243326448,71.40564306666523,synthetic inverse modeling grid point,3.1364964148066666e-15,2.0687307251474025e-15
CS_00306,200.0,50.0,6.489577529403604,56.01824283582101,synthetic inverse modeling grid point,6.8829767253285344e-12,4.539786930711122e-12
CS_00307,200.0,100.0,0.9886543470123951,98.34556925248287,synthetic inverse modeling grid point,4.431126543796757e-21,2.9226265284073697e-21
CS_00308,200.0,150.0,0.3435131791153234,102.7485941752368,synthetic inverse modeling grid point,4.902407848979256e-22,3.233468304478299e-22
CS_00309,200.0,200.0,0.24442483806465548,103.3663129857149,synthetic inverse modeling grid point,3.5997596413162916e-22,2.374284038069157e-22
CS_00310,200.0,250.0,0.3391916411036432,103.47555277034742,synthetic inverse modeling grid point,3.4084143549981433e-22,2.2480789287472385e-22
CS_00311,200.0,300.0,0.9127185886687786,103.41380413161802,synthetic inverse modeling grid point,3.515288167004977e-22,2.318569409006816e-22
CS_00312,200.0,350.0,4.77223274037775,103.05916417024243,synthetic inverse modeling grid point,4.1973000975582494e-22,2.768402231704182e-22
CS_00313,200.0,400.0,49.26397153379761,101.38993051833616,synthetic inverse modeling grid point,9.670290115532722e-22,6.3782079229077925e-22
CS_00314,200.0,450.0,1048.8237528578231,91.94948555052095,synthetic inverse modeling grid point,1.0849409000912634e-19,7.155916277768877e-20
CS_00315,200.0,500.0,11722.686076501408,99.15836860416437,synthetic inverse modeling grid point,2.951324860278359e-21,1.9465976079317624e-21
CS_00316,250.0,-500.0,14760.637421411602,107.63839553128228,synthetic inverse modeling grid point,4.25209114966687e-23,2.804540622433777e-23
CS_00317,250.0,-450.0,2953.642049593904,75.1549772016155,synthetic inverse modeling grid point,4.811574700094976e-16,3.1735577223804766e-16
CS_00318,250.0,-400.0,105.26878242341094,89.08657940887996,synthetic inverse modeling grid point,4.540234153424341e-19,2.9945903487128635e-19
CS_00319,250.0,-350.0,7.455444522121909,92.16263780943328,synthetic inverse modeling grid point,9.752605490301815e-20,6.432500459042365e-20
CS_00320,250.0,-300.0,1.145371561867839,92.71107983134885,synthetic inverse modeling grid point,7.413580108126887e-20,4.8897556141377095e-20
CS_00321,250.0,-250.0,0.373322652183845,92.80870607285088,synthetic inverse modeling grid point,7.060390399641769e-20,4.656803203192882e-20
CS_00322,250.0,-200.0,0.25737580421066614,92.70265032473891,synthetic inverse modeling grid point,7.444892459955433e-20,4.9104082200194e-20
CS_00323,250.0,-150.0,0.3770232795506754,92.02700159107036,synthetic inverse modeling grid point,1.0436952025691731e-19,6.883873110936998e-20
CS_00324,250.0,-100.0,1.2297310616186465,86.46093578626254,synthetic inverse modeling grid point,1.687444584958213e-18,1.1129834051163226e-18
CS_00325,250.0,-50.0,8.50882916411786,37.48026490816953,synthetic inverse modeling grid point,7.298726010307232e-08,4.814001597666675e-08
CS_00326,250.0,0.0,3.5014021183613395,85.33188242361564,synthetic inverse modeling grid point,2.9675656967373166e-18,1.9573095338967125e-18
CS_00327,250.0,50.0,7.908050837125203,50.28174585055856,synthetic inverse modeling grid point,1.2118274730933733e-10,7.992818723883434e-11
CS_00328,250.0,100.0,1.059865209656513,98.03180962070152,synthetic inverse modeling grid point,5.1837755759922866e-21,3.419049279220979e-21
CS_00329,250.0,150.0,0.32118917623941107,102.83927443847894,synthetic inverse modeling grid point,4.685095738295737e-22,3.0901363248224765e-22
CS_00330,250.0,200.0,0.2189243772083682,103.41578601809013,synthetic inverse modeling grid point,3.5118064413542303e-22,2.31627297633875e-22
CS_00331,250.0,250.0,0.317471831172597,103.50610698174913,synthetic inverse modeling grid point,3.356739375715994e-22,2.2139957980101272e-22
CS_00332,250.0,300.0,0.9742366879878435,103.42295914654844,synthetic inverse modeling grid point,3.4992336819739004e-22,2.307980394365059e-22
CS_00333,250.0,350.0,6.349443694635138,102.95485627303026,synthetic inverse modeling grid point,4.422014817435461e-22,2.9166167309168437e-22
CS_00334,250.0,400.0,90.27450674798794,100.29580524333382,synthetic inverse modeling grid point,1.6711898455996346e-21,1.1022623092522847e-21
CS_00335,250.0,450.0,2644.8907315510405,86.30944626613339,synthetic inverse modeling grid point,1.8202248997518684e-18,1.2005609695642357e-18
CS_00336,250.0,500.0,14460.307958186313,108.59757090669154,synthetic inverse modeling grid point,2.63220845205963e-23,1.7361188343982503e-23
CS_00337,300.0,-500.0,19338.132744773775,112.08727368928844,synthetic inverse modeling grid point,4.5977033686441964e-24,3.032495168471043e-24
CS_00338,300.0,-450.0,5711.0476592416,84.16828020903846,synthetic inverse modeling grid point,5.309741186501388e-18,3.502132087013122e-18
CS_00339,300.0,-400.0,224.44333907398675,86.60271177013172,synthetic inverse modeling grid point,1.571966389019323e-18,1.036817753883433e-18
CS_00340,300.0,-350.0,10.730307090699444,91.95334204792081,synthetic inverse modeling grid point,1.0828508798980934e-19,7.142131186322963e-20
CS_00341,300.0,-300.0,1.2599436029479298,92.71418017397517,synthetic inverse modeling grid point,7.40209669184632e-20,4.8821815273391017e-20
CS_00342,300.0,-250.0,0.34991536386643013,92.84176424487282,synthetic inverse modeling grid point,6.944647794358318e-20,4.580463156181146e-20
CS_00343,300.0,-200.0,0.22867311856044684,92.75596297507505,synthetic inverse modeling grid point,7.249060659488245e-20,4.781243952311356e-20
CS_00344,300.0,-150.0,0.3531163116636465,92.12154439328707,synthetic inverse modeling grid point,9.955062215377908e-20,6.566034310922585e-20
CS_00345,300.0,-100.0,1.3594014082131995,85.93798586729598,synthetic inverse modeling grid point,2.191727978894369e-18,1.4455922824268495e-18
CS_00346,300.0,-50.0,9.664421302086698,38.51514463621095,synthetic inverse modeling grid point,4.350365870686133e-08,2.8693594227735722e-08
CS_00347,300.0,0.0,2.14341097824154,96.81007840200567,synthetic inverse modeling grid point,9.548645154529074e-21,6.2979748745932405e-21
CS_00348,300.0,50.0,9.117718226086849,48.732312193728035,synthetic inverse modeling grid point,2.629638428279817e-10,1.7344237305452505e-10
CS_00349,300.0,100.0,1.1728739796307872,97.57116963875197,synthetic inverse modeling grid point,6.5263880425910195e-21,4.304592667221295e-21
CS_00350,300.0,150.0,0.30075887418383124,102.91998768754293,synthetic inverse modeling grid point,4.499785486701073e-22,2.9679117275460574e-22
CS_00351,300.0,200.0,0.1944860649075899,103.46119560419245,synthetic inverse modeling grid point,3.432969972427799e-22,2.264275013018811e-22
CS_00352,300.0,250.0,0.2975438082625709,103.53425008298956,synthetic inverse modeling grid point,3.3098356258596127e-22,2.1830596145684807e-22
CS_00353,300.0,300.0,1.0716824149930115,103.42560048596775,synthetic inverse modeling grid point,3.4946154003267045e-22,2.3049343264353023e-22
CS_00354,300.0,350.0,9.142837553978254,102.77576615423727,synthetic inverse modeling grid point,4.836254186445036e-22,3.1898355065514405e-22
CS_00355,300.0,400.0,193.5447696463413,98.10116926404021,synthetic inverse modeling grid point,5.007084676233774e-21,3.302509725259172e-21
CS_00356,300.0,450.0,5302.572371583798,90.69013857903983,synthetic inverse modeling grid point,2.036431479406138e-19,1.3431637770147223e-19
CS_00357,300.0,500.0,19233.230761686955,112.29679094509031,synthetic inverse modeling grid point,4.140424352683005e-24,2.7308888456267693e-24
CS_00358,350.0,-500.0,28095.392051717397,113.23433166391463,synthetic inverse modeling grid point,2.590958601955407e-24,1.7089117788073414e-24
CS_00359,350.0,-450.0,7022.662388951945,103.23410808761018,synthetic inverse modeling grid point,3.845753397839721e-22,2.5365334957481374e-22
CS_00360,350.0,-400.0,583.5069022754361,81.49228523388179,synthetic inverse modeling grid point,2.0237566012175315e-17,1.3348038408061273e-17
CS_00361,350.0,-350.0,17.167990777772392,91.57216594365026,synthetic inverse modeling grid point,1.3102072345075722e-19,8.641699539463035e-20
CS_00362,350.0,-300.0,1.443966760153397,92.7061785241597,synthetic inverse modeling grid point,7.431770504944399e-20,4.901753406522028e-20
CS_00363,350.0,-250.0,0.32899594027382445,92.87194839871096,synthetic inverse modeling grid point,6.840625565835058e-20,4.511853487370912e-20
CS_00364,350.0,-200.0,0.2012562511117373,92.80507911313572,synthetic inverse modeling grid point,7.07320589222476e-20,4.665255884069282e-20
CS_00365,350.0,-150.0,0.33179836108572236,92.20233457982359,synthetic inverse modeling grid point,9.560940433112648e-20,6.306084439284599e-20
CS_00366,350.0,-100.0,1.5686949800883798,85.14995056821188,synthetic inverse modeling grid point,3.2501719859891836e-18,2.143707423891198e-18
CS_00367,350.0,-50.0,9.94860971439925,46.4989880877426,synthetic inverse modeling grid point,8.032601193926164e-10,5.298041730347411e-10
CS_00368,350.0,0.0,1.1131862166084294,106.55555833838415,synthetic inverse modeling grid point,7.306975892656817e-23,4.8194429509597527e-23
CS_00369,350.0,50.0,9.55037646436719,53.16400098497164,synthetic inverse modeling grid point,2.8679200746337603e-11,1.8915865319194376e-11
CS_00370,350.0,100.0,1.3556320707117526,96.87331643695299,synthetic inverse modeling grid point,9.25144965143257e-21,6.1019544150355734e-21
CS_00371,350.0,150.0,0.28255041703615114,102.98894696793349,synthetic inverse modeling grid point,4.3472787986387735e-22,2.8673232907490086e-22
CS_00372,350.0,200.0,0.17114879369834818,103.50301952039966,synthetic inverse modeling grid point,3.36192527904654e-22,2.217416250686846e-22
CS_00373,350.0,250.0,0.2797359910161993,103.55994131947939,synthetic inverse modeling grid point,3.2675906532535065e-22,2.1551962086354473e-22
CS_00374,350.0,300.0,1.2282312941910292,103.41878331400858,synthetic inverse modeling grid point,3.506547421491687e-22,2.31280429838253e-22
CS_00375,350.0,350.0,14.640760909554071,102.44894587995904,synthetic inverse modeling grid point,5.694783781531903e-22,3.7560936229070553e-22
CS_00376,350.0,400.0,509.25146125231237,93.39856386469941,synthetic inverse modeling grid point,5.257057457296928e-20,3.467383617731888e-20
CS_00377,350.0,450.0,6795.9852677016415,105.02630837749389,synthetic inverse modeling grid point,1.569676239228391e-22,1.0353072457842285e-22
CS_00378,350.0,500.0,28070.40297010013,113.26672330249791,synthetic inverse modeling grid point,2.5493338876799837e-24,1.681457475036885e-24
CS_00379,400.0,-500.0,43559.54353893263,113.42968013703995,synthetic inverse modeling grid point,2.3498551483531107e-24,1.5498878054172855e-24
CS_00380,400.0,-450.0,8545.607902969121,111.39230251904002,synthetic inverse modeling grid point,6.508067077656134e-24,4.292508756365786e-24
CS_00381,400.0,-400.0,1751.5473093536295,75.11079189184883,synthetic inverse modeling grid point,4.91905808432594e-16,3.2444502565953217e-16
CS_00382,400.0,-350.0,31.77392441334936,90.80773233625258,synthetic inverse modeling grid point,1.9201477240341153e-19,1.2664668050564567e-19
CS_00383,400.0,-300.0,1.751682259202483,92.68055379775687,synthetic inverse modeling grid point,7.527601648653233e-20,4.964960502975444e-20
CS_00384,400.0,-250.0,0.3111482675791341,92.8990870320145,synthetic inverse modeling grid point,6.74842988228158e-20,4.451044221850102e-20
CS_00385,400.0,-200.0,0.1751791720148837,92.85044771293941,synthetic inverse modeling grid point,6.914561341630646e-20,4.5606191133585224e-20
CS_00386,400.0,-150.0,0.313651358812964,92.26760544946795,synthetic inverse modeling grid point,9.253951588590451e-20,6.103604611173679e-20
CS_00387,400.0,-100.0,1.92158005286591,83.90910209566889,synthetic inverse modeling grid point,6.0443995552616564e-18,3.986688783066198e-18
CS_00388,400.0,-50.0,9.330195701518122,58.43371407620942,synthetic inverse modeling grid point,2.0571378052540644e-12,1.356820994119866e-12
CS_00389,400.0,0.0,0.44309914621615293,114.40078631908821,synthetic inverse modeling grid point,1.445999237230758e-24,9.537339295136309e-25
CS_00390,400.0,50.0,9.107970083577015,61.87055158988728,synthetic inverse modeling grid point,3.689466759168502e-13,2.4334519268284767e-13
CS_00391,400.0,100.0,1.6648326248148047,95.76489200192088,synthetic inverse modeling grid point,1.610278882340871e-20,1.0620874247547693e-20
CS_00392,400.0,150.0,0.2670575676594606,103.0446534889209,synthetic inverse modeling grid point,4.227863680151199e-22,2.78856097382234e-22
CS_00393,400.0,200.0,0.14895727413144108,103.5416416897062,synthetic inverse modeling grid point,3.2976257008768843e-22,2.1750063463280733e-22
CS_00394,400.0,250.0,0.26454412632749846,103.58303608506982,synthetic inverse modeling grid point,3.230075550648311e-22,2.130452470670356e-22
CS_00395,400.0,300.0,1.4900601244373344,103.39694939302267,synthetic inverse modeling grid point,3.5450379788310166e-22,2.338191414471686e-22
CS_00396,400.0,350.0,27.14337153970699,101.79090757975374,synthetic inverse modeling grid point,7.913496978004643e-22,5.219484474611914e-22
CS_00397,400.0,400.0,1570.326796530282,86.16605523314067,synthetic inverse modeling grid point,1.955518902012171e-18,1.2897964802706308e-18
CS_00398,400.0,450.0,8477.130855568304,111.71248835831668,synthetic inverse modeling grid point,5.54529364778003e-24,3.657494806935523e-24
CS_00399,400.0,500.0,43556.000194591215,113.432611982328,synthetic inverse modeling grid point,2.3464129660838664e-24,1.5476174542737843e-24
CS_00400,450.0,-500.0,71021.16851656654,113.44838469283404,synthetic inverse modeling grid point,2.327981095532741e-24,1.5354603936914585e-24
CS_00401,450.0,-450.0,12009.3711693209,113.20367733251692,synthetic inverse modeling grid point,2.630976551214363e-24,1.7353063127843537e-24
CS_00402,450.0,-400.0,3323.14863497941,91.01068310790191,synthetic inverse modeling grid point,1.7348600318450844e-19,1.1442570872281232e-19
CS_00403,450.0,-350.0,72.32160218478977,89.04773671839482,synthetic inverse modeling grid point,4.629273441073054e-19,3.0533177584540547e-19
CS_00404,450.0,-300.0,2.3033318573373975,92.6237411029129,synthetic inverse modeling grid point,7.744499367578704e-20,5.108019163344793e-20
CS_00405,450.0,-250.0,0.2973061233040937,92.9228906536259,synthetic inverse modeling grid point,6.668587423995636e-20,4.3983827407632145e-20
CS_00406,450.0,-200.0,0.15050324392766468,92.89229365634156,synthetic inverse modeling grid point,6.771391166058368e-20,4.4661887356501594e-20
CS_00407,450.0,-150.0,0.2996083682054114,92.31583147705688,synthetic inverse modeling grid point,9.033479729220456e-20,5.958188564352787e-20
CS_00408,450.0,-100.0,2.560161279456863,81.85662835495941,synthetic inverse modeling grid point,1.686716816580236e-17,1.112503392833444e-17
CS_00409,450.0,-50.0,8.440866353443095,68.62129886615908,synthetic inverse modeling grid point,1.2619944833539647e-14,8.323703959476051e-15
CS_00410,450.0,0.0,0.10649682111635435,119.63107331158862,synthetic inverse modeling grid point,1.0578538574889614e-25,6.977258980345463e-26
CS_00411,450.0,50.0,8.346213600240699,70.02250755490915,synthetic inverse modeling grid point,6.263092930039705e-15,4.130931799463018e-15
CS_00412,450.0,100.0,2.227669516708825,93.90204474838373,synthetic inverse modeling grid point,4.087080943948604e-20,2.6957052732458155e-20
CS_00413,450.0,150.0,0.2550728479053129,103.08581115271161,synthetic inverse modeling grid point,4.1417483002145447e-22,2.7317620782324403e-22
CS_00414,450.0,200.0,0.12796269382622602,103.57725538690768,synthetic inverse modeling grid point,3.239425101772229e-22,2.1366191296166497e-22
CS_00415,450.0,250.0,0.25276144951954804,103.60328942589084,synthetic inverse modeling grid point,3.1975307037358374e-22,2.1089869512343318e-22
CS_00416,450.0,300.0,1.9595731461451253,103.34852817584357,synthetic inverse modeling grid point,3.631912909783545e-22,2.3954912851356966e-22
CS_00417,450.0,350.0,62.025630236434445,100.2618364312136,synthetic inverse modeling grid point,1.699816427127236e-21,1.1211434686511983e-21
CS_00418,450.0,400.0,3129.502417396236,95.58648907546775,synthetic inverse modeling grid point,1.7605193417595434e-20,1.1611811310610866e-20
CS_00419,450.0,450.0,11997.178643963533,113.24071076494442,synthetic inverse modeling grid point,2.5827077738238016e-24,1.7034698017072927e-24
CS_00420,450.0,500.0,71020.92776561565,113.44850674827795,synthetic inverse modeling grid point,2.3278390284847845e-24,1.5353666909007423e-24
CS_00421,500.0,-500.0,121994.65073825879,113.44918648013277,synthetic inverse modeling grid point,2.327048009742268e-24,1.5348449607405908e-24
CS_00422,500.0,-450.0,18313.825274282073,113.43548223743295,synthetic inverse modeling grid point,2.34304797935686e-24,1.5453980187918852e-24
CS_00423,500.0,-400.0,3708.759547073428,109.31263388896899,synthetic inverse modeling grid point,1.8409683646164228e-23,1.2142426823533014e-23
CS_00424,500.0,-350.0,222.6286782151018,84.30696997721098,synthetic inverse modeling grid point,4.954014258329447e-18,3.267506208724988e-18
CS_00425,500.0,-300.0,3.405789473499125,92.5036316367743,synthetic inverse modeling grid point,8.223842567019793e-20,5.424178301896006e-20
CS_00426,500.0,-250.0,0.2890740023667479,92.94291838486953,synthetic inverse modeling grid point,6.602142327025346e-20,4.3545577221886875e-20
CS_00427,500.0,-200.0,0.12729783483772963,92.9305948131348,synthetic inverse modeling grid point,6.642948905900241e-20,4.381472410535893e-20
CS_00428,500.0,-150.0,0.2912812628551192,92.34495127228692,synthetic inverse modeling grid point,8.902906065533969e-20,5.872066434995929e-20
CS_00429,500.0,-100.0,3.831176122838946,78.37855319124208,synthetic inverse modeling grid point,9.600560759331814e-17,6.332216714074718e-17
CS_00430,500.0,-50.0,7.7783316543055685,74.49843975227643,synthetic inverse modeling grid point,6.681170092031733e-16,4.4066818581630375e-16
CS_00431,500.0,0.0,4.2449689231941905,76.97591436288577,synthetic inverse modeling grid point,1.9358680496949772e-16,1.2768354190776377e-16
CS_00432,500.0,50.0,7.748377898642541,74.93623886207726,synthetic inverse modeling grid point,5.367668166494183e-16,3.5403388334836044e-16
CS_00433,500.0,100.0,3.359902325837007,90.63250869268535,synthetic inverse modeling grid point,2.0959647413969433e-19,1.38242997469543e-19
CS_00434,500.0,150.0,0.24796714828863708,103.11066241716723,synthetic inverse modeling grid point,4.090602874236459e-22,2.698028223581074e-22
CS_00435,500.0,200.0,0.10822318495891443,103.60984384970993,synthetic inverse modeling grid point,3.187068870218549e-22,2.1020866671031524e-22
CS_00436,500.0,250.0,0.24575141548989407,103.62032761334027,synthetic inverse modeling grid point,3.1704063415206144e-22,2.0910966066926441e-22
CS_00437,500.0,300.0,2.8982916773038085,103.24609960608944,synthetic inverse modeling grid point,3.822764174166549e-22,2.521370553703803e-22
CS_00438,500.0,350.0,192.98533357131686,96.02586036501236,synthetic inverse modeling grid point,1.4132940724955272e-20,9.321626696711579e-21
CS_00439,500.0,400.0,3652.5645155774673,109.97844632543368,synthetic inverse modeling grid point,1.3196750077924613e-23,8.704145883736593e-24
CS_00440,500.0,450.0,18312.77819266843,113.43754228801032,synthetic inverse modeling grid point,2.3406358231897115e-24,1.543807039266681e-24
CS_00441,500.0,500.0,121994.64513287513,113.44918813446563,synthetic inverse modeling grid point,2.3270460848870663e-24,1.5348436911688871e-24
