detector_id,time_s,centroid_x_m,centroid_y_m,detector_x_m,detector_y_m,concentration_proxy,arrival_time_s,source_id,scenario_id,weather_id,x_m,y_m,z_m,concentration_Bq_m3
D001,0.0,0.0,0.0,500.0,0.0,0.04393693362340742,166.66666666666666,SRC_001,S1,W1,500.0,0.0,1.5,4.388436296465839e-05
D001,60.0,180.0,0.0,500.0,0.0,0.27803730045319414,166.66666666666666,SRC_001,S1,W1,500.0,0.0,1.5,0.0002777046280785831
D001,120.0,360.0,0.0,500.0,0.0,0.7827045382418681,166.66666666666666,SRC_001,S1,W1,500.0,0.0,1.5,0.0007817680301656808
D001,166.666667,500.000001,0.0,500.0,0.0,1.0,166.66666666666666,SRC_001,S1,W1,500.0,0.0,1.5,0.0009988034973218746
D001,180.0,540.0,0.0,500.0,0.0,0.9801986733067553,166.66666666666666,SRC_001,S1,W1,500.0,0.0,1.5,0.0009790258629690488
D001,240.0,720.0,0.0,500.0,0.0,0.5460744266397094,166.66666666666666,SRC_001,S1,W1,500.0,0.0,1.5,0.0005454210471257792
D001,250.0,750.0,0.0,500.0,0.0,0.45783336177161427,166.66666666666666,SRC_001,S1,W1,500.0,0.0,1.5,0.00045728556292811936
D001,300.0,900.0,0.0,500.0,0.0,0.1353352832366127,166.66666666666666,SRC_001,S1,W1,500.0,0.0,1.5,0.00013517335420777524
D001,333.333333,999.9999989999999,0.0,500.0,0.0,0.04393693417261916,166.66666666666666,SRC_001,S1,W1,500.0,0.0,1.5,4.3884363513213e-05
D001,360.0,1080.0,0.0,500.0,0.0,0.014920786069067842,166.66666666666666,SRC_001,S1,W1,500.0,0.0,1.5,1.4902933308576465e-05
D001,420.0,1260.0,0.0,500.0,0.0,0.0007318024188804728,166.66666666666666,SRC_001,S1,W1,500.0,0.0,1.5,7.309268153264237e-07
D001,480.0,1440.0,0.0,500.0,0.0,1.5966783897804747e-05,166.66666666666666,SRC_001,S1,W1,500.0,0.0,1.5,1.5947679598109974e-08
D001,500.0,1500.0,0.0,500.0,0.0,3.726653172078671e-06,166.66666666666666,SRC_001,S1,W1,500.0,0.0,1.5,3.7221942215778343e-09
D001,540.0,1620.0,0.0,500.0,0.0,1.5497531357028967e-07,166.66666666666666,SRC_001,S1,W1,500.0,0.0,1.5,1.547898851925595e-10
D001,600.0,1800.0,0.0,500.0,0.0,6.691586091292782e-10,166.66666666666666,SRC_001,S1,W1,500.0,0.0,1.5,6.683579590613643e-13
D001,660.0,1980.0,0.0,500.0,0.0,1.2853372251336503e-12,166.66666666666666,SRC_001,S1,W1,500.0,0.0,1.5,1.2837993157014837e-15
D001,666.666667,2000.0000009999999,0.0,500.0,0.0,6.101936448782739e-13,166.66666666666666,SRC_001,S1,W1,500.0,0.0,1.5,6.094635465480019e-16
D001,720.0,2160.0,0.0,500.0,0.0,1.0983141298285972e-15,166.66666666666666,SRC_001,S1,W1,500.0,0.0,1.5,1.0969999940308344e-18
D001,780.0,2340.0,0.0,500.0,0.0,4.175010055850514e-19,166.66666666666666,SRC_001,S1,W1,500.0,0.0,1.5,4.1700146451374887e-22
D001,833.333333,2499.999999,0.0,500.0,0.0,1.928749944401407e-22,166.66666666666666,SRC_001,S1,W1,500.0,0.0,1.5,1.9264421899274963e-25
D001,840.0,2520.0,0.0,500.0,0.0,7.060085337262506e-23,166.66666666666666,SRC_001,S1,W1,500.0,0.0,1.5,7.051637926248678e-26
D001,900.0,2700.0,0.0,500.0,0.0,5.311092249679095e-27,166.66666666666666,SRC_001,S1,W1,500.0,0.0,1.5,5.304737513578583e-30
D001,960.0,2880.0,0.0,500.0,0.0,1.777375579568326e-31,166.66666666666666,SRC_001,S1,W1,500.0,0.0,1.5,1.7752489449273379e-34
D001,1000.0,3000.0,0.0,500.0,0.0,1.1769109439216723e-34,166.66666666666666,SRC_001,S1,W1,500.0,0.0,1.5,1.175502766825355e-37
D001,1020.0,3060.0,0.0,500.0,0.0,2.6460377906876222e-36,166.66666666666666,SRC_001,S1,W1,500.0,0.0,1.5,2.6428717993846434e-39
D001,1080.0,3240.0,0.0,500.0,0.0,1.7524044437385188e-41,166.66666666666666,SRC_001,S1,W1,500.0,0.0,1.5,1.7503076871284268e-44
D001,1140.0,3420.0,0.0,500.0,0.0,5.162904820056606e-47,166.66666666666666,SRC_001,S1,W1,500.0,0.0,1.5,5.156727390612502e-50
D001,1166.666667,3500.000001,0.0,500.0,0.0,1.3863431896654435e-49,166.66666666666666,SRC_001,S1,W1,500.0,0.0,1.5,1.384684426326208e-52
D001,1200.0,3600.0,0.0,500.0,0.0,6.766675675168404e-53,166.66666666666666,SRC_001,S1,W1,500.0,0.0,1.5,6.758579329601059e-56
D002,0.0,0.0,0.0,1000.0,0.0,3.726653172078671e-06,333.3333333333333,SRC_001,S1,W1,1000.0,0.0,1.5,1.1383916780745405e-09
D002,60.0,180.0,0.0,1000.0,0.0,0.00022374579372062055,333.3333333333333,SRC_001,S1,W1,1000.0,0.0,1.5,6.834828405393668e-08
D002,120.0,360.0,0.0,1000.0,0.0,0.005976022895005943,333.3333333333333,SRC_001,S1,W1,1000.0,0.0,1.5,1.82551324674602e-06
D002,166.666667,500.000001,0.0,1000.0,0.0,0.043936934172619076,333.3333333333333,SRC_001,S1,W1,1000.0,0.0,1.5,1.3421544187950144e-05
D002,180.0,540.0,0.0,1000.0,0.0,0.07100535373963698,333.3333333333333,SRC_001,S1,W1,1000.0,0.0,1.5,2.1690213728919366e-05
D002,240.0,720.0,0.0,1000.0,0.0,0.37531109885139957,333.3333333333333,SRC_001,S1,W1,1000.0,0.0,1.5,0.00011464738248854274
D002,250.0,750.0,0.0,1000.0,0.0,0.45783336177161427,333.3333333333333,SRC_001,S1,W1,1000.0,0.0,1.5,0.00013985570025422628
D002,300.0,900.0,0.0,1000.0,0.0,0.8824969025845955,333.3333333333333,SRC_001,S1,W1,1000.0,0.0,1.5,0.00026957891798353107
D002,333.333333,999.9999989999999,0.0,1000.0,0.0,1.0,333.3333333333333,SRC_001,S1,W1,1000.0,0.0,1.5,0.00030547293389246704
D002,360.0,1080.0,0.0,1000.0,0.0,0.9231163463866358,333.3333333333333,SRC_001,S1,W1,1000.0,0.0,1.5,0.0002819870586548205
D002,420.0,1260.0,0.0,1000.0,0.0,0.42955735821073915,333.3333333333333,SRC_001,S1,W1,1000.0,0.0,1.5,0.00013121814648773191
D002,480.0,1440.0,0.0,1000.0,0.0,0.08892161745938634,333.3333333333333,SRC_001,S1,W1,1000.0,0.0,1.5,2.7163147371782367e-05
D002,500.0,1500.0,0.0,1000.0,0.0,0.04393693362340742,333.3333333333333,SRC_001,S1,W1,1000.0,0.0,1.5,1.3421544020180847e-05
D002,540.0,1620.0,0.0,1000.0,0.0,0.008188701014374083,333.3333333333333,SRC_001,S1,W1,1000.0,0.0,1.5,2.501426523629072e-06
D002,600.0,1800.0,0.0,1000.0,0.0,0.00033546262790251185,333.3333333333333,SRC_001,S1,W1,1000.0,0.0,1.5,1.0247475315665727e-07
D002,660.0,1980.0,0.0,1000.0,0.0,6.113567966371402e-06,333.3333333333333,SRC_001,S1,W1,1000.0,0.0,1.5,1.8675295432384755e-09
D002,666.666667,2000.0000009999999,0.0,1000.0,0.0,3.726653078912355e-06,333.3333333333333,SRC_001,S1,W1,1000.0,0.0,1.5,1.1383916496147526e-09
D002,720.0,2160.0,0.0,1000.0,0.0,4.956405319172498e-08,333.3333333333333,SRC_001,S1,W1,1000.0,0.0,1.5,1.5140476744078525e-11
D002,780.0,2340.0,0.0,1000.0,0.0,1.7875588711279812e-10,333.3333333333333,SRC_001,S1,W1,1000.0,0.0,1.5,5.460508528689708e-14
D002,833.333333,2499.999999,0.0,1000.0,0.0,6.101936906427919e-13,333.3333333333333,SRC_001,S1,W1,1000.0,0.0,1.5,1.8639765692332605e-16
D002,840.0,2520.0,0.0,1000.0,0.0,2.867975008888098e-13,333.3333333333333,SRC_001,S1,W1,1000.0,0.0,1.5,8.760887402953215e-17
D002,900.0,2700.0,0.0,1000.0,0.0,2.0469717131642043e-16,333.3333333333333,SRC_001,S1,W1,1000.0,0.0,1.5,6.25294454815159e-20
D002,960.0,2880.0,0.0,1000.0,0.0,6.499347972070893e-20,333.3333333333333,SRC_001,S1,W1,1000.0,0.0,1.5,1.9853748934165516e-23
D002,1000.0,3000.0,0.0,1000.0,0.0,1.9287498479639178e-22,333.3333333333333,SRC_001,S1,W1,1000.0,0.0,1.5,5.891808748021877e-26
D002,1020.0,3060.0,0.0,1000.0,0.0,9.180137950959213e-24,333.3333333333333,SRC_001,S1,W1,1000.0,0.0,1.5,2.8042836734170913e-27
D002,1080.0,3240.0,0.0,1000.0,0.0,5.768329961247885e-28,333.3333333333333,SRC_001,S1,W1,1000.0,0.0,1.5,1.762068676922212e-31
D002,1140.0,3420.0,0.0,1000.0,0.0,1.6123987480502325e-32,333.3333333333333,SRC_001,S1,W1,1000.0,0.0,1.5,4.925441761714453e-36
D002,1166.666667,3500.000001,0.0,1000.0,0.0,1.1769108703647493e-34,333.3333333333333,SRC_001,S1,W1,1000.0,0.0,1.5,3.595144165002569e-38
D002,1200.0,3600.0,0.0,1000.0,0.0,2.005008781961654e-37,333.3333333333333,SRC_001,S1,W1,1000.0,0.0,1.5,6.124759151059882e-41
D003,0.0,0.0,0.0,1000.0,200.0,2.2603294069810542e-06,333.3333333333333,SRC_001,S1,W1,1000.0,200.0,1.5,2.2195104278311838e-11
D003,60.0,180.0,0.0,1000.0,200.0,0.00013570868387329478,333.3333333333333,SRC_001,S1,W1,1000.0,200.0,1.5,1.3325793934005481e-09
D003,120.0,360.0,0.0,1000.0,200.0,0.0036246411089657558,333.3333333333333,SRC_001,S1,W1,1000.0,200.0,1.5,3.5591842116676546e-08
D003,166.666667,500.000001,0.0,1000.0,200.0,0.026649097669469195,333.3333333333333,SRC_001,S1,W1,1000.0,200.0,1.5,2.6167845264942105e-07
D003,180.0,540.0,0.0,1000.0,200.0,0.04306692404683092,333.3333333333333,SRC_001,S1,W1,1000.0,200.0,1.5,4.228918436460266e-07
D003,240.0,720.0,0.0,1000.0,200.0,0.22763768838381274,333.3333333333333,SRC_001,S1,W1,1000.0,200.0,1.5,2.2352681055018135e-06
D003,250.0,750.0,0.0,1000.0,200.0,0.27768997095378994,333.3333333333333,SRC_001,S1,W1,1000.0,200.0,1.5,2.7267520580518704e-06
D003,300.0,900.0,0.0,1000.0,200.0,0.5352614285189903,333.3333333333333,SRC_001,S1,W1,1000.0,200.0,1.5,5.255952156993162e-06
D003,333.333333,999.9999989999999,0.0,1000.0,200.0,0.6065306597126334,333.3333333333333,SRC_001,S1,W1,1000.0,200.0,1.5,5.95577405609005e-06
D003,360.0,1080.0,0.0,1000.0,200.0,0.559898366565402,333.3333333333333,SRC_001,S1,W1,1000.0,200.0,1.5,5.497872386562162e-06
D003,420.0,1260.0,0.0,1000.0,200.0,0.2605397078599756,333.3333333333333,SRC_001,S1,W1,1000.0,200.0,1.5,2.5583465696341007e-06
D003,480.0,1440.0,0.0,1000.0,200.0,0.05393368730035602,333.3333333333333,SRC_001,S1,W1,1000.0,200.0,1.5,5.295970622901772e-07
D003,500.0,1500.0,0.0,1000.0,200.0,0.026649097336355485,333.3333333333333,SRC_001,S1,W1,1000.0,200.0,1.5,2.616784493784405e-07
D003,540.0,1620.0,0.0,1000.0,200.0,0.004966698228437823,333.3333333333333,SRC_001,S1,W1,1000.0,200.0,1.5,4.877005305448744e-08
D003,600.0,1800.0,0.0,1000.0,200.0,0.00020346836901064417,333.3333333333333,SRC_001,S1,W1,1000.0,200.0,1.5,1.99793961604957e-09
D003,660.0,1980.0,0.0,1000.0,200.0,3.7080664118412692e-06,333.3333333333333,SRC_001,S1,W1,1000.0,200.0,1.5,3.6411029484258006e-11
D003,666.666667,2000.0000009999999,0.0,1000.0,200.0,2.260329350472827e-06,333.3333333333333,SRC_001,S1,W1,1000.0,200.0,1.5,2.219510372343431e-11
D003,720.0,2160.0,0.0,1000.0,200.0,3.0062117880409006e-08,333.3333333333333,SRC_001,S1,W1,1000.0,200.0,1.5,2.951923021139429e-13
D003,780.0,2340.0,0.0,1000.0,200.0,1.0842092613804248e-10,333.3333333333333,SRC_001,S1,W1,1000.0,200.0,1.5,1.064629674839765e-15
D003,833.333333,2499.999999,0.0,1000.0,200.0,3.701011817380591e-13,333.3333333333333,SRC_001,S1,W1,1000.0,200.0,1.5,3.634175751920178e-18
D003,840.0,2520.0,0.0,1000.0,200.0,1.7395147741802437e-13,333.3333333333333,SRC_001,S1,W1,1000.0,200.0,1.5,1.7081011151450365e-18
D003,900.0,2700.0,0.0,1000.0,200.0,1.2415511035985842e-16,333.3333333333333,SRC_001,S1,W1,1000.0,200.0,1.5,1.2191301022813573e-21
D003,960.0,2880.0,0.0,1000.0,200.0,3.942053813202125e-20,333.3333333333333,SRC_001,S1,W1,1000.0,200.0,1.5,3.8708648033561307e-25
D003,1000.0,3000.0,0.0,1000.0,200.0,1.1698459177061964e-22,333.3333333333333,SRC_001,S1,W1,1000.0,200.0,1.5,1.148719830519113e-27
D003,1020.0,3060.0,0.0,1000.0,200.0,5.568035127648274e-24,333.3333333333333,SRC_001,S1,W1,1000.0,200.0,1.5,5.467482743965056e-29
D003,1080.0,3240.0,0.0,1000.0,200.0,3.4986689768358285e-28,333.3333333333333,SRC_001,S1,W1,1000.0,200.0,1.5,3.435486993016707e-33
D003,1140.0,3420.0,0.0,1000.0,200.0,9.779692763747316e-33,333.3333333333333,SRC_001,S1,W1,1000.0,200.0,1.5,9.603082631709651e-38
D003,1166.666667,3500.000001,0.0,1000.0,200.0,7.138325266253009e-35,333.3333333333333,SRC_001,S1,W1,1000.0,200.0,1.5,7.009415228048734e-40
D003,1200.0,3600.0,0.0,1000.0,200.0,1.2160992992528256e-37,333.3333333333333,SRC_001,S1,W1,1000.0,200.0,1.5,1.1941379285839932e-42
D004,0.0,0.0,0.0,1000.0,-200.0,2.2603294069810542e-06,333.3333333333333,SRC_001,S1,W1,1000.0,-200.0,1.5,2.2195104278311838e-11
D004,60.0,180.0,0.0,1000.0,-200.0,0.00013570868387329478,333.3333333333333,SRC_001,S1,W1,1000.0,-200.0,1.5,1.3325793934005481e-09
D004,120.0,360.0,0.0,1000.0,-200.0,0.0036246411089657558,333.3333333333333,SRC_001,S1,W1,1000.0,-200.0,1.5,3.5591842116676546e-08
D004,166.666667,500.000001,0.0,1000.0,-200.0,0.026649097669469195,333.3333333333333,SRC_001,S1,W1,1000.0,-200.0,1.5,2.6167845264942105e-07
D004,180.0,540.0,0.0,1000.0,-200.0,0.04306692404683092,333.3333333333333,SRC_001,S1,W1,1000.0,-200.0,1.5,4.228918436460266e-07
D004,240.0,720.0,0.0,1000.0,-200.0,0.22763768838381274,333.3333333333333,SRC_001,S1,W1,1000.0,-200.0,1.5,2.2352681055018135e-06
D004,250.0,750.0,0.0,1000.0,-200.0,0.27768997095378994,333.3333333333333,SRC_001,S1,W1,1000.0,-200.0,1.5,2.7267520580518704e-06
D004,300.0,900.0,0.0,1000.0,-200.0,0.5352614285189903,333.3333333333333,SRC_001,S1,W1,1000.0,-200.0,1.5,5.255952156993162e-06
D004,333.333333,999.9999989999999,0.0,1000.0,-200.0,0.6065306597126334,333.3333333333333,SRC_001,S1,W1,1000.0,-200.0,1.5,5.95577405609005e-06
D004,360.0,1080.0,0.0,1000.0,-200.0,0.559898366565402,333.3333333333333,SRC_001,S1,W1,1000.0,-200.0,1.5,5.497872386562162e-06
D004,420.0,1260.0,0.0,1000.0,-200.0,0.2605397078599756,333.3333333333333,SRC_001,S1,W1,1000.0,-200.0,1.5,2.5583465696341007e-06
D004,480.0,1440.0,0.0,1000.0,-200.0,0.05393368730035602,333.3333333333333,SRC_001,S1,W1,1000.0,-200.0,1.5,5.295970622901772e-07
D004,500.0,1500.0,0.0,1000.0,-200.0,0.026649097336355485,333.3333333333333,SRC_001,S1,W1,1000.0,-200.0,1.5,2.616784493784405e-07
D004,540.0,1620.0,0.0,1000.0,-200.0,0.004966698228437823,333.3333333333333,SRC_001,S1,W1,1000.0,-200.0,1.5,4.877005305448744e-08
D004,600.0,1800.0,0.0,1000.0,-200.0,0.00020346836901064417,333.3333333333333,SRC_001,S1,W1,1000.0,-200.0,1.5,1.99793961604957e-09
D004,660.0,1980.0,0.0,1000.0,-200.0,3.7080664118412692e-06,333.3333333333333,SRC_001,S1,W1,1000.0,-200.0,1.5,3.6411029484258006e-11
D004,666.666667,2000.0000009999999,0.0,1000.0,-200.0,2.260329350472827e-06,333.3333333333333,SRC_001,S1,W1,1000.0,-200.0,1.5,2.219510372343431e-11
D004,720.0,2160.0,0.0,1000.0,-200.0,3.0062117880409006e-08,333.3333333333333,SRC_001,S1,W1,1000.0,-200.0,1.5,2.951923021139429e-13
D004,780.0,2340.0,0.0,1000.0,-200.0,1.0842092613804248e-10,333.3333333333333,SRC_001,S1,W1,1000.0,-200.0,1.5,1.064629674839765e-15
D004,833.333333,2499.999999,0.0,1000.0,-200.0,3.701011817380591e-13,333.3333333333333,SRC_001,S1,W1,1000.0,-200.0,1.5,3.634175751920178e-18
D004,840.0,2520.0,0.0,1000.0,-200.0,1.7395147741802437e-13,333.3333333333333,SRC_001,S1,W1,1000.0,-200.0,1.5,1.7081011151450365e-18
D004,900.0,2700.0,0.0,1000.0,-200.0,1.2415511035985842e-16,333.3333333333333,SRC_001,S1,W1,1000.0,-200.0,1.5,1.2191301022813573e-21
D004,960.0,2880.0,0.0,1000.0,-200.0,3.942053813202125e-20,333.3333333333333,SRC_001,S1,W1,1000.0,-200.0,1.5,3.8708648033561307e-25
D004,1000.0,3000.0,0.0,1000.0,-200.0,1.1698459177061964e-22,333.3333333333333,SRC_001,S1,W1,1000.0,-200.0,1.5,1.148719830519113e-27
D004,1020.0,3060.0,0.0,1000.0,-200.0,5.568035127648274e-24,333.3333333333333,SRC_001,S1,W1,1000.0,-200.0,1.5,5.467482743965056e-29
D004,1080.0,3240.0,0.0,1000.0,-200.0,3.4986689768358285e-28,333.3333333333333,SRC_001,S1,W1,1000.0,-200.0,1.5,3.435486993016707e-33
D004,1140.0,3420.0,0.0,1000.0,-200.0,9.779692763747316e-33,333.3333333333333,SRC_001,S1,W1,1000.0,-200.0,1.5,9.603082631709651e-38
D004,1166.666667,3500.000001,0.0,1000.0,-200.0,7.138325266253009e-35,333.3333333333333,SRC_001,S1,W1,1000.0,-200.0,1.5,7.009415228048734e-40
D004,1200.0,3600.0,0.0,1000.0,-200.0,1.2160992992528256e-37,333.3333333333333,SRC_001,S1,W1,1000.0,-200.0,1.5,1.1941379285839932e-42
D005,0.0,0.0,0.0,2000.0,0.0,1.9287498479639178e-22,666.6666666666666,SRC_001,S1,W1,2000.0,0.0,1.5,1.9460003827879782e-26
D005,60.0,180.0,0.0,2000.0,0.0,1.04240617839016e-18,666.6666666666666,SRC_001,S1,W1,2000.0,0.0,1.5,1.0517293490958469e-22
D005,120.0,360.0,0.0,2000.0,0.0,2.5062218871452745e-15,666.6666666666666,SRC_001,S1,W1,2000.0,0.0,1.5,2.528637270864766e-19
D005,166.666667,500.000001,0.0,2000.0,0.0,6.101936906427919e-13,666.6666666666666,SRC_001,S1,W1,2000.0,0.0,1.5,6.1565119853111e-17
D005,180.0,540.0,0.0,2000.0,0.0,2.680547637312607e-12,666.6666666666666,SRC_001,S1,W1,2000.0,0.0,1.5,2.7045221721201295e-16
D005,240.0,720.0,0.0,2000.0,0.0,1.2754076295260442e-09,666.6666666666666,SRC_001,S1,W1,2000.0,0.0,1.5,1.2868147405888072e-13
D005,250.0,750.0,0.0,2000.0,0.0,3.293714110306081e-09,666.6666666666666,SRC_001,S1,W1,2000.0,0.0,1.5,3.3231727412531243e-13
D005,300.0,900.0,0.0,2000.0,0.0,2.699578503363014e-07,666.6666666666666,SRC_001,S1,W1,2000.0,0.0,1.5,2.723723248225449e-11
D005,333.333333,999.9999989999999,0.0,2000.0,0.0,3.726653078912335e-06,666.6666666666666,SRC_001,S1,W1,2000.0,0.0,1.5,3.7599838702447795e-10
D005,360.0,1080.0,0.0,2000.0,0.0,2.5419346516199247e-05,666.6666666666666,SRC_001,S1,W1,2000.0,0.0,1.5,2.564669446531015e-09
D005,420.0,1260.0,0.0,2000.0,0.0,0.0010647662366679205,666.6666666666666,SRC_001,S1,W1,2000.0,0.0,1.5,1.0742893933719968e-07
D005,480.0,1440.0,0.0,2000.0,0.0,0.019841094744370288,666.6666666666666,SRC_001,S1,W1,2000.0,0.0,1.5,2.001855139910266e-06
D005,500.0,1500.0,0.0,2000.0,0.0,0.04393693362340742,666.6666666666666,SRC_001,S1,W1,2000.0,0.0,1.5,4.4329900914802485e-06
D005,540.0,1620.0,0.0,2000.0,0.0,0.1644744565771549,666.6666666666666,SRC_001,S1,W1,2000.0,0.0,1.5,1.659454987363275e-05
D005,600.0,1800.0,0.0,2000.0,0.0,0.6065306597126334,666.6666666666666,SRC_001,S1,W1,2000.0,0.0,1.5,6.119554058393944e-05
D005,660.0,1980.0,0.0,2000.0,0.0,0.9950124791926823,666.6666666666666,SRC_001,S1,W1,2000.0,0.0,1.5,0.00010039117656609654
D005,666.666667,2000.0000009999999,0.0,2000.0,0.0,1.0,666.6666666666666,SRC_001,S1,W1,2000.0,0.0,1.5,0.0001008943894327339
D005,720.0,2160.0,0.0,2000.0,0.0,0.7261490370736909,666.6666666666666,SRC_001,S1,W1,2000.0,0.0,1.5,7.32643637327177e-05
D005,780.0,2340.0,0.0,2000.0,0.0,0.23574607655586352,666.6666666666666,SRC_001,S1,W1,2000.0,0.0,1.5,2.3785456455266393e-05
D005,833.333333,2499.999999,0.0,2000.0,0.0,0.04393693417261902,666.6666666666666,SRC_001,S1,W1,2000.0,0.0,1.5,4.432990146892618e-06
D005,840.0,2520.0,0.0,2000.0,0.0,0.034047454734599344,666.6666666666666,SRC_001,S1,W1,2000.0,0.0,1.5,3.435197157186046e-06
D005,900.0,2700.0,0.0,2000.0,0.0,0.002187491118182885,666.6666666666666,SRC_001,S1,W1,2000.0,0.0,1.5,2.2070558075859056e-07
D005,960.0,2880.0,0.0,2000.0,0.0,6.252150377482026e-05,666.6666666666666,SRC_001,S1,W1,2000.0,0.0,1.5,6.308068949776858e-09
D005,1000.0,3000.0,0.0,2000.0,0.0,3.726653172078671e-06,666.6666666666666,SRC_001,S1,W1,2000.0,0.0,1.5,3.7599839642443855e-10
D005,1020.0,3060.0,0.0,2000.0,0.0,7.949393615349141e-07,666.6666666666666,SRC_001,S1,W1,2000.0,0.0,1.5,8.020492151811247e-11
D005,1080.0,3240.0,0.0,2000.0,0.0,4.49634946228087e-09,666.6666666666666,SRC_001,S1,W1,2000.0,0.0,1.5,4.536564336730298e-13
D005,1140.0,3420.0,0.0,2000.0,0.0,1.1313776200065328e-11,666.6666666666666,SRC_001,S1,W1,2000.0,0.0,1.5,1.1414965418841875e-15
D005,1166.666667,3500.000001,0.0,2000.0,0.0,6.101936448782739e-13,666.6666666666666,SRC_001,S1,W1,2000.0,0.0,1.5,6.15651152357279e-17
D005,1200.0,3600.0,0.0,2000.0,0.0,1.2664165549094176e-14,666.6666666666666,SRC_001,S1,W1,2000.0,0.0,1.5,1.2777432507509201e-18
D006,0.0,0.0,0.0,2000.0,300.0,6.261733970585278e-23,666.6666666666666,SRC_001,S1,W1,2000.0,300.0,1.5,7.664286070180783e-28
D006,60.0,180.0,0.0,2000.0,300.0,3.384197378039535e-19,666.6666666666666,SRC_001,S1,W1,2000.0,300.0,1.5,4.142216348553433e-24
D006,120.0,360.0,0.0,2000.0,300.0,8.136511194092129e-16,666.6666666666666,SRC_001,S1,W1,2000.0,300.0,1.5,9.95899054442288e-21
D006,166.666667,500.000001,0.0,2000.0,300.0,1.9810088723367994e-13,666.6666666666666,SRC_001,S1,W1,2000.0,300.0,1.5,2.4247307177976986e-18
D006,180.0,540.0,0.0,2000.0,300.0,8.702464043251326e-13,666.6666666666666,SRC_001,S1,W1,2000.0,300.0,1.5,1.0651709934701373e-17
D006,240.0,720.0,0.0,2000.0,300.0,4.1406423381329424e-10,666.6666666666666,SRC_001,S1,W1,2000.0,300.0,1.5,5.068095761146949e-15
D006,250.0,750.0,0.0,2000.0,300.0,1.0693124126838808e-09,666.6666666666666,SRC_001,S1,W1,2000.0,300.0,1.5,1.308825361745358e-14
D006,300.0,900.0,0.0,2000.0,300.0,8.764248219443636e-08,666.6666666666666,SRC_001,S1,W1,2000.0,300.0,1.5,1.072733301341611e-12
D006,333.333333,999.9999989999999,0.0,2000.0,300.0,1.2098671170574783e-06,666.6666666666666,SRC_001,S1,W1,2000.0,300.0,1.5,1.4808626070019223e-11
D006,360.0,1080.0,0.0,2000.0,300.0,8.252453565120957e-06,666.6666666666666,SRC_001,S1,W1,2000.0,300.0,1.5,1.0100902593608342e-10
D006,420.0,1260.0,0.0,2000.0,300.0,0.00034567898589410494,666.6666666666666,SRC_001,S1,W1,2000.0,300.0,1.5,4.2310686605147696e-09
D006,480.0,1440.0,0.0,2000.0,300.0,0.006441460363850599,666.6666666666666,SRC_001,S1,W1,2000.0,300.0,1.5,7.884268985267559e-08
D006,500.0,1500.0,0.0,2000.0,300.0,0.014264233908999256,666.6666666666666,SRC_001,S1,W1,2000.0,300.0,1.5,1.745924847080734e-07
D006,540.0,1620.0,0.0,2000.0,300.0,0.053397038145197084,666.6666666666666,SRC_001,S1,W1,2000.0,300.0,1.5,6.535732395652921e-07
D006,600.0,1800.0,0.0,2000.0,300.0,0.19691167520419406,666.6666666666666,SRC_001,S1,W1,2000.0,300.0,1.5,2.410174907482384e-06
D006,660.0,1980.0,0.0,2000.0,300.0,0.32303325642225295,666.6666666666666,SRC_001,S1,W1,2000.0,300.0,1.5,3.9538876915443244e-06
D006,666.666667,2000.0000009999999,0.0,2000.0,300.0,0.32465246735834974,666.6666666666666,SRC_001,S1,W1,2000.0,300.0,1.5,3.973706636073919e-06
D006,720.0,2160.0,0.0,2000.0,300.0,0.23574607655586352,666.6666666666666,SRC_001,S1,W1,2000.0,300.0,1.5,2.8855032473984123e-06
D006,780.0,2340.0,0.0,2000.0,300.0,0.07653554542391151,666.6666666666666,SRC_001,S1,W1,2000.0,300.0,1.5,9.367857488384253e-07
D006,833.333333,2499.999999,0.0,2000.0,300.0,0.014264234087302157,666.6666666666666,SRC_001,S1,W1,2000.0,300.0,1.5,1.7459248689047917e-07
D006,840.0,2520.0,0.0,2000.0,300.0,0.011053590186859403,666.6666666666666,SRC_001,S1,W1,2000.0,300.0,1.5,1.352945968203038e-07
D006,900.0,2700.0,0.0,2000.0,300.0,0.000710174388842549,666.6666666666666,SRC_001,S1,W1,2000.0,300.0,1.5,8.692447972676088e-09
D006,960.0,2880.0,0.0,2000.0,300.0,2.0297760463449775e-05,666.6666666666666,SRC_001,S1,W1,2000.0,300.0,1.5,2.484421144473239e-10
D006,1000.0,3000.0,0.0,2000.0,300.0,1.2098671473041613e-06,666.6666666666666,SRC_001,S1,W1,2000.0,300.0,1.5,1.4808626440234938e-11
D006,1020.0,3060.0,0.0,2000.0,300.0,2.580790251225811e-07,666.6666666666666,SRC_001,S1,W1,2000.0,300.0,1.5,3.158855816207653e-12
D006,1080.0,3240.0,0.0,2000.0,300.0,1.4597509470348734e-09,666.6666666666666,SRC_001,S1,W1,2000.0,300.0,1.5,1.786717369637289e-14
D006,1140.0,3420.0,0.0,2000.0,300.0,3.673045358491383e-12,666.6666666666666,SRC_001,S1,W1,2000.0,300.0,1.5,4.495762756525477e-17
D006,1166.666667,3500.000001,0.0,2000.0,300.0,1.9810087237611624e-13,666.6666666666666,SRC_001,S1,W1,2000.0,300.0,1.5,2.4247305359429295e-18
D006,1200.0,3600.0,0.0,2000.0,300.0,4.111452592548034e-15,666.6666666666666,SRC_001,S1,W1,2000.0,300.0,1.5,5.032367868277424e-20
D007,0.0,0.0,0.0,2000.0,-300.0,6.261733970585278e-23,666.6666666666666,SRC_001,S1,W1,2000.0,-300.0,1.5,7.664286070180783e-28
D007,60.0,180.0,0.0,2000.0,-300.0,3.384197378039535e-19,666.6666666666666,SRC_001,S1,W1,2000.0,-300.0,1.5,4.142216348553433e-24
D007,120.0,360.0,0.0,2000.0,-300.0,8.136511194092129e-16,666.6666666666666,SRC_001,S1,W1,2000.0,-300.0,1.5,9.95899054442288e-21
D007,166.666667,500.000001,0.0,2000.0,-300.0,1.9810088723367994e-13,666.6666666666666,SRC_001,S1,W1,2000.0,-300.0,1.5,2.4247307177976986e-18
D007,180.0,540.0,0.0,2000.0,-300.0,8.702464043251326e-13,666.6666666666666,SRC_001,S1,W1,2000.0,-300.0,1.5,1.0651709934701373e-17
D007,240.0,720.0,0.0,2000.0,-300.0,4.1406423381329424e-10,666.6666666666666,SRC_001,S1,W1,2000.0,-300.0,1.5,5.068095761146949e-15
D007,250.0,750.0,0.0,2000.0,-300.0,1.0693124126838808e-09,666.6666666666666,SRC_001,S1,W1,2000.0,-300.0,1.5,1.308825361745358e-14
D007,300.0,900.0,0.0,2000.0,-300.0,8.764248219443636e-08,666.6666666666666,SRC_001,S1,W1,2000.0,-300.0,1.5,1.072733301341611e-12
D007,333.333333,999.9999989999999,0.0,2000.0,-300.0,1.2098671170574783e-06,666.6666666666666,SRC_001,S1,W1,2000.0,-300.0,1.5,1.4808626070019223e-11
D007,360.0,1080.0,0.0,2000.0,-300.0,8.252453565120957e-06,666.6666666666666,SRC_001,S1,W1,2000.0,-300.0,1.5,1.0100902593608342e-10
D007,420.0,1260.0,0.0,2000.0,-300.0,0.00034567898589410494,666.6666666666666,SRC_001,S1,W1,2000.0,-300.0,1.5,4.2310686605147696e-09
D007,480.0,1440.0,0.0,2000.0,-300.0,0.006441460363850599,666.6666666666666,SRC_001,S1,W1,2000.0,-300.0,1.5,7.884268985267559e-08
D007,500.0,1500.0,0.0,2000.0,-300.0,0.014264233908999256,666.6666666666666,SRC_001,S1,W1,2000.0,-300.0,1.5,1.745924847080734e-07
D007,540.0,1620.0,0.0,2000.0,-300.0,0.053397038145197084,666.6666666666666,SRC_001,S1,W1,2000.0,-300.0,1.5,6.535732395652921e-07
D007,600.0,1800.0,0.0,2000.0,-300.0,0.19691167520419406,666.6666666666666,SRC_001,S1,W1,2000.0,-300.0,1.5,2.410174907482384e-06
D007,660.0,1980.0,0.0,2000.0,-300.0,0.32303325642225295,666.6666666666666,SRC_001,S1,W1,2000.0,-300.0,1.5,3.9538876915443244e-06
D007,666.666667,2000.0000009999999,0.0,2000.0,-300.0,0.32465246735834974,666.6666666666666,SRC_001,S1,W1,2000.0,-300.0,1.5,3.973706636073919e-06
D007,720.0,2160.0,0.0,2000.0,-300.0,0.23574607655586352,666.6666666666666,SRC_001,S1,W1,2000.0,-300.0,1.5,2.8855032473984123e-06
D007,780.0,2340.0,0.0,2000.0,-300.0,0.07653554542391151,666.6666666666666,SRC_001,S1,W1,2000.0,-300.0,1.5,9.367857488384253e-07
D007,833.333333,2499.999999,0.0,2000.0,-300.0,0.014264234087302157,666.6666666666666,SRC_001,S1,W1,2000.0,-300.0,1.5,1.7459248689047917e-07
D007,840.0,2520.0,0.0,2000.0,-300.0,0.011053590186859403,666.6666666666666,SRC_001,S1,W1,2000.0,-300.0,1.5,1.352945968203038e-07
D007,900.0,2700.0,0.0,2000.0,-300.0,0.000710174388842549,666.6666666666666,SRC_001,S1,W1,2000.0,-300.0,1.5,8.692447972676088e-09
D007,960.0,2880.0,0.0,2000.0,-300.0,2.0297760463449775e-05,666.6666666666666,SRC_001,S1,W1,2000.0,-300.0,1.5,2.484421144473239e-10
D007,1000.0,3000.0,0.0,2000.0,-300.0,1.2098671473041613e-06,666.6666666666666,SRC_001,S1,W1,2000.0,-300.0,1.5,1.4808626440234938e-11
D007,1020.0,3060.0,0.0,2000.0,-300.0,2.580790251225811e-07,666.6666666666666,SRC_001,S1,W1,2000.0,-300.0,1.5,3.158855816207653e-12
D007,1080.0,3240.0,0.0,2000.0,-300.0,1.4597509470348734e-09,666.6666666666666,SRC_001,S1,W1,2000.0,-300.0,1.5,1.786717369637289e-14
D007,1140.0,3420.0,0.0,2000.0,-300.0,3.673045358491383e-12,666.6666666666666,SRC_001,S1,W1,2000.0,-300.0,1.5,4.495762756525477e-17
D007,1166.666667,3500.000001,0.0,2000.0,-300.0,1.9810087237611624e-13,666.6666666666666,SRC_001,S1,W1,2000.0,-300.0,1.5,2.4247305359429295e-18
D007,1200.0,3600.0,0.0,2000.0,-300.0,4.111452592548034e-15,666.6666666666666,SRC_001,S1,W1,2000.0,-300.0,1.5,5.032367868277424e-20
D008,0.0,0.0,0.0,3000.0,0.0,1.3863432936411706e-49,1000.0,SRC_001,S1,W1,3000.0,0.0,1.5,7.587307515883892e-54
D008,60.0,180.0,0.0,3000.0,0.0,6.744612862128625e-44,1000.0,SRC_001,S1,W1,3000.0,0.0,1.5,3.6912539697256967e-48
D008,120.0,360.0,0.0,3000.0,0.0,1.4597037932095734e-38,1000.0,SRC_001,S1,W1,3000.0,0.0,1.5,7.988801627982513e-43
D008,166.666667,500.000001,0.0,3000.0,0.0,1.1769110174786e-34,1000.0,SRC_001,S1,W1,3000.0,0.0,1.5,6.441107227480988e-39
D008,180.0,540.0,0.0,3000.0,0.0,1.4053804777629124e-33,1000.0,SRC_001,S1,W1,3000.0,0.0,1.5,7.691495973988514e-38
D008,240.0,720.0,0.0,3000.0,0.0,6.019280276816486e-29,1000.0,SRC_001,S1,W1,3000.0,0.0,1.5,3.2942872587171955e-33
D008,250.0,750.0,0.0,3000.0,0.0,3.2908062772749125e-28,1000.0,SRC_001,S1,W1,3000.0,0.0,1.5,1.8010228285742647e-32
D008,300.0,900.0,0.0,3000.0,0.0,1.146876582225596e-24,1000.0,SRC_001,S1,W1,3000.0,0.0,1.5,6.276731998505827e-29
D008,333.333333,999.9999989999999,0.0,3000.0,0.0,1.9287497515264062e-22,1000.0,SRC_001,S1,W1,3000.0,0.0,1.5,1.0555839634481787e-26
D008,360.0,1080.0,0.0,3000.0,0.0,9.72098502030078e-21,1000.0,SRC_001,S1,W1,3000.0,0.0,1.5,5.320190391847724e-25
D008,420.0,1260.0,0.0,3000.0,0.0,3.665433395601045e-17,1000.0,SRC_001,S1,W1,3000.0,0.0,1.5,2.0060522151314946e-21
D008,480.0,1440.0,0.0,3000.0,0.0,6.148396412704756e-14,1000.0,SRC_001,S1,W1,3000.0,0.0,1.5,3.364951129112094e-18
D008,500.0,1500.0,0.0,3000.0,0.0,6.101936677605324e-13,1000.0,SRC_001,S1,W1,3000.0,0.0,1.5,3.3395242165340365e-17
D008,540.0,1620.0,0.0,3000.0,0.0,4.5879624871392916e-11,1000.0,SRC_001,S1,W1,3000.0,0.0,1.5,2.5109424498918737e-15
D008,600.0,1800.0,0.0,3000.0,0.0,1.522997974471263e-08,1000.0,SRC_001,S1,W1,3000.0,0.0,1.5,8.335203864283758e-13
D008,660.0,1980.0,0.0,3000.0,0.0,2.2490559670323425e-06,1000.0,SRC_001,S1,W1,3000.0,0.0,1.5,1.2308841050104854e-10
D008,666.666667,2000.0000009999999,0.0,3000.0,0.0,3.7266532652449895e-06,1000.0,SRC_001,S1,W1,3000.0,0.0,1.5,2.0395571903567116e-10
D008,720.0,2160.0,0.0,3000.0,0.0,0.00014774836023203364,1000.0,SRC_001,S1,W1,3000.0,0.0,1.5,8.08610860809042e-09
D008,780.0,2340.0,0.0,3000.0,0.0,0.004317840007633078,1000.0,SRC_001,S1,W1,3000.0,0.0,1.5,2.3631073264872113e-07
D008,833.333333,2499.999999,0.0,3000.0,0.0,0.04393693307419582,1000.0,SRC_001,S1,W1,3000.0,0.0,1.5,2.4046210204051984e-06
D008,840.0,2520.0,0.0,3000.0,0.0,0.056134762834133725,1000.0,SRC_001,S1,W1,3000.0,0.0,1.5,3.072195104252598e-06
D008,900.0,2700.0,0.0,3000.0,0.0,0.32465246735834974,1000.0,SRC_001,S1,W1,3000.0,0.0,1.5,1.7767879838540343e-05
D008,960.0,2880.0,0.0,3000.0,0.0,0.835270211411272,1000.0,SRC_001,S1,W1,3000.0,0.0,1.5,4.571343895774638e-05
D008,1000.0,3000.0,0.0,3000.0,0.0,1.0,1000.0,SRC_001,S1,W1,3000.0,0.0,1.5,5.472892284822295e-05
D008,1020.0,3060.0,0.0,3000.0,0.0,0.9559974818331,1000.0,SRC_001,S1,W1,3000.0,0.0,1.5,5.232071242633915e-05
D008,1080.0,3240.0,0.0,3000.0,0.0,0.4867522559599717,1000.0,SRC_001,S1,W1,3000.0,0.0,1.5,2.663942666263176e-05
D008,1140.0,3420.0,0.0,3000.0,0.0,0.11025052530448522,1000.0,SRC_001,S1,W1,3000.0,0.0,1.5,6.033892493365223e-06
D008,1166.666667,3500.000001,0.0,3000.0,0.0,0.04393693307419582,1000.0,SRC_001,S1,W1,3000.0,0.0,1.5,2.4046210204051984e-06
D008,1200.0,3600.0,0.0,3000.0,0.0,0.011108996538242306,1000.0,SRC_001,S1,W1,3000.0,0.0,1.5,6.07983414462639e-07
D009,0.0,0.0,0.0,3000.0,500.0,6.091167327196814e-51,1000.0,SRC_001,S1,W1,3000.0,500.0,1.5,1.9846973180732582e-56
D009,60.0,180.0,0.0,3000.0,500.0,2.9633760763892534e-45,1000.0,SRC_001,S1,W1,3000.0,500.0,1.5,9.655627953269276e-51
D009,120.0,360.0,0.0,3000.0,500.0,6.413490867208506e-40,1000.0,SRC_001,S1,W1,3000.0,500.0,1.5,2.0897206462876687e-45
D009,166.666667,500.000001,0.0,3000.0,500.0,5.1709861255614134e-36,1000.0,SRC_001,S1,W1,3000.0,500.0,1.5,1.684872823862939e-41
D009,180.0,540.0,0.0,3000.0,500.0,6.174810876710168e-35,1000.0,SRC_001,S1,W1,3000.0,500.0,1.5,2.0119510642726224e-40
D009,240.0,720.0,0.0,3000.0,500.0,2.6446871798317134e-30,1000.0,SRC_001,S1,W1,3000.0,500.0,1.5,8.617237503094998e-36
D009,250.0,750.0,0.0,3000.0,500.0,1.445879369721203e-29,1000.0,SRC_001,S1,W1,3000.0,500.0,1.5,4.711137870946888e-35
D009,300.0,900.0,0.0,3000.0,500.0,5.0390240267486375e-26,1000.0,SRC_001,S1,W1,3000.0,500.0,1.5,1.6418753474298684e-31
D009,333.333333,999.9999989999999,0.0,3000.0,500.0,8.474334980897926e-24,1000.0,SRC_001,S1,W1,3000.0,500.0,1.5,2.7612096344729203e-29
D009,360.0,1080.0,0.0,3000.0,500.0,4.271102735910932e-22,1000.0,SRC_001,S1,W1,3000.0,500.0,1.5,1.3916620066122646e-27
D009,420.0,1260.0,0.0,3000.0,500.0,1.6104790380354398e-18,1000.0,SRC_001,S1,W1,3000.0,500.0,1.5,5.247456285317806e-24
D009,480.0,1440.0,0.0,3000.0,500.0,2.7014168507540514e-15,1000.0,SRC_001,S1,W1,3000.0,500.0,1.5,8.802080932419338e-21
D009,500.0,1500.0,0.0,3000.0,500.0,2.6810038677818034e-14,1000.0,SRC_001,S1,W1,3000.0,500.0,1.5,8.735568898875283e-20
D009,540.0,1620.0,0.0,3000.0,500.0,2.0158100326412228e-12,1000.0,SRC_001,S1,W1,3000.0,500.0,1.5,6.5681544285689124e-18
D009,600.0,1800.0,0.0,3000.0,500.0,6.691586091292782e-10,1000.0,SRC_001,S1,W1,3000.0,500.0,1.5,2.1803329732458655e-15
D009,660.0,1980.0,0.0,3000.0,500.0,9.881662273882859e-08,1000.0,SRC_001,S1,W1,3000.0,500.0,1.5,3.219761920759218e-13
D009,666.666667,2000.0000009999999,0.0,3000.0,500.0,1.637377171525239e-07,1000.0,SRC_001,S1,W1,3000.0,500.0,1.5,5.335099015406702e-13
D009,720.0,2160.0,0.0,3000.0,500.0,6.49160989648215e-06,1000.0,SRC_001,S1,W1,3000.0,500.0,1.5,2.115174326930725e-11
D009,780.0,2340.0,0.0,3000.0,500.0,0.00018971264981186754,1000.0,SRC_001,S1,W1,3000.0,500.0,1.5,6.181445477700613e-10
D009,833.333333,2499.999999,0.0,3000.0,500.0,0.001930454112097036,1000.0,SRC_001,S1,W1,3000.0,500.0,1.5,6.290037513557676e-09
D009,840.0,2520.0,0.0,3000.0,500.0,0.002466389348609051,1000.0,SRC_001,S1,W1,3000.0,500.0,1.5,8.03628608863312e-09
D009,900.0,2700.0,0.0,3000.0,500.0,0.014264233908999256,1000.0,SRC_001,S1,W1,3000.0,500.0,1.5,4.6477440633023854e-08
D009,960.0,2880.0,0.0,3000.0,500.0,0.03669921183638653,1000.0,SRC_001,S1,W1,3000.0,500.0,1.5,1.1957778106318843e-07
D009,1000.0,3000.0,0.0,3000.0,500.0,0.04393693362340742,1000.0,SRC_001,S1,W1,3000.0,500.0,1.5,1.4316059573242762e-07
D009,1020.0,3060.0,0.0,3000.0,500.0,0.04200359790344555,1000.0,SRC_001,S1,W1,3000.0,500.0,1.5,1.3686116901792724e-07
D009,1080.0,3240.0,0.0,3000.0,500.0,0.02138640156115709,1000.0,SRC_001,S1,W1,3000.0,500.0,1.5,6.968374293733262e-08
D009,1140.0,3420.0,0.0,3000.0,500.0,0.004844070012248967,1000.0,SRC_001,S1,W1,3000.0,500.0,1.5,1.578353088240319e-08
D009,1166.666667,3500.000001,0.0,3000.0,500.0,0.001930454112097036,1000.0,SRC_001,S1,W1,3000.0,500.0,1.5,6.290037513557676e-09
D009,1200.0,3600.0,0.0,3000.0,500.0,0.000488095243523415,1000.0,SRC_001,S1,W1,3000.0,500.0,1.5,1.5903705624042447e-09
D010,0.0,0.0,0.0,3000.0,-500.0,6.091167327196814e-51,1000.0,SRC_001,S1,W1,3000.0,-500.0,1.5,1.9846973180732582e-56
D010,60.0,180.0,0.0,3000.0,-500.0,2.9633760763892534e-45,1000.0,SRC_001,S1,W1,3000.0,-500.0,1.5,9.655627953269276e-51
D010,120.0,360.0,0.0,3000.0,-500.0,6.413490867208506e-40,1000.0,SRC_001,S1,W1,3000.0,-500.0,1.5,2.0897206462876687e-45
D010,166.666667,500.000001,0.0,3000.0,-500.0,5.1709861255614134e-36,1000.0,SRC_001,S1,W1,3000.0,-500.0,1.5,1.684872823862939e-41
D010,180.0,540.0,0.0,3000.0,-500.0,6.174810876710168e-35,1000.0,SRC_001,S1,W1,3000.0,-500.0,1.5,2.0119510642726224e-40
D010,240.0,720.0,0.0,3000.0,-500.0,2.6446871798317134e-30,1000.0,SRC_001,S1,W1,3000.0,-500.0,1.5,8.617237503094998e-36
D010,250.0,750.0,0.0,3000.0,-500.0,1.445879369721203e-29,1000.0,SRC_001,S1,W1,3000.0,-500.0,1.5,4.711137870946888e-35
D010,300.0,900.0,0.0,3000.0,-500.0,5.0390240267486375e-26,1000.0,SRC_001,S1,W1,3000.0,-500.0,1.5,1.6418753474298684e-31
D010,333.333333,999.9999989999999,0.0,3000.0,-500.0,8.474334980897926e-24,1000.0,SRC_001,S1,W1,3000.0,-500.0,1.5,2.7612096344729203e-29
D010,360.0,1080.0,0.0,3000.0,-500.0,4.271102735910932e-22,1000.0,SRC_001,S1,W1,3000.0,-500.0,1.5,1.3916620066122646e-27
D010,420.0,1260.0,0.0,3000.0,-500.0,1.6104790380354398e-18,1000.0,SRC_001,S1,W1,3000.0,-500.0,1.5,5.247456285317806e-24
D010,480.0,1440.0,0.0,3000.0,-500.0,2.7014168507540514e-15,1000.0,SRC_001,S1,W1,3000.0,-500.0,1.5,8.802080932419338e-21
D010,500.0,1500.0,0.0,3000.0,-500.0,2.6810038677818034e-14,1000.0,SRC_001,S1,W1,3000.0,-500.0,1.5,8.735568898875283e-20
D010,540.0,1620.0,0.0,3000.0,-500.0,2.0158100326412228e-12,1000.0,SRC_001,S1,W1,3000.0,-500.0,1.5,6.5681544285689124e-18
D010,600.0,1800.0,0.0,3000.0,-500.0,6.691586091292782e-10,1000.0,SRC_001,S1,W1,3000.0,-500.0,1.5,2.1803329732458655e-15
D010,660.0,1980.0,0.0,3000.0,-500.0,9.881662273882859e-08,1000.0,SRC_001,S1,W1,3000.0,-500.0,1.5,3.219761920759218e-13
D010,666.666667,2000.0000009999999,0.0,3000.0,-500.0,1.637377171525239e-07,1000.0,SRC_001,S1,W1,3000.0,-500.0,1.5,5.335099015406702e-13
D010,720.0,2160.0,0.0,3000.0,-500.0,6.49160989648215e-06,1000.0,SRC_001,S1,W1,3000.0,-500.0,1.5,2.115174326930725e-11
D010,780.0,2340.0,0.0,3000.0,-500.0,0.00018971264981186754,1000.0,SRC_001,S1,W1,3000.0,-500.0,1.5,6.181445477700613e-10
D010,833.333333,2499.999999,0.0,3000.0,-500.0,0.001930454112097036,1000.0,SRC_001,S1,W1,3000.0,-500.0,1.5,6.290037513557676e-09
D010,840.0,2520.0,0.0,3000.0,-500.0,0.002466389348609051,1000.0,SRC_001,S1,W1,3000.0,-500.0,1.5,8.03628608863312e-09
D010,900.0,2700.0,0.0,3000.0,-500.0,0.014264233908999256,1000.0,SRC_001,S1,W1,3000.0,-500.0,1.5,4.6477440633023854e-08
D010,960.0,2880.0,0.0,3000.0,-500.0,0.03669921183638653,1000.0,SRC_001,S1,W1,3000.0,-500.0,1.5,1.1957778106318843e-07
D010,1000.0,3000.0,0.0,3000.0,-500.0,0.04393693362340742,1000.0,SRC_001,S1,W1,3000.0,-500.0,1.5,1.4316059573242762e-07
D010,1020.0,3060.0,0.0,3000.0,-500.0,0.04200359790344555,1000.0,SRC_001,S1,W1,3000.0,-500.0,1.5,1.3686116901792724e-07
D010,1080.0,3240.0,0.0,3000.0,-500.0,0.02138640156115709,1000.0,SRC_001,S1,W1,3000.0,-500.0,1.5,6.968374293733262e-08
D010,1140.0,3420.0,0.0,3000.0,-500.0,0.004844070012248967,1000.0,SRC_001,S1,W1,3000.0,-500.0,1.5,1.578353088240319e-08
D010,1166.666667,3500.000001,0.0,3000.0,-500.0,0.001930454112097036,1000.0,SRC_001,S1,W1,3000.0,-500.0,1.5,6.290037513557676e-09
D010,1200.0,3600.0,0.0,3000.0,-500.0,0.000488095243523415,1000.0,SRC_001,S1,W1,3000.0,-500.0,1.5,1.5903705624042447e-09
D011,0.0,0.0,0.0,0.0,500.0,0.04393693362340742,0.0,SRC_001,S1,W1,0.0,500.0,1.5,0.0
D011,60.0,180.0,0.0,0.0,500.0,0.02930491586704076,0.0,SRC_001,S1,W1,0.0,500.0,1.5,0.0
D011,120.0,360.0,0.0,0.0,500.0,0.008695062005795456,0.0,SRC_001,S1,W1,0.0,500.0,1.5,0.0
D011,166.666667,500.000001,0.0,0.0,500.0,0.0019304541120970325,0.0,SRC_001,S1,W1,0.0,500.0,1.5,0.0
D011,180.0,540.0,0.0,0.0,500.0,0.0011476946509014264,0.0,SRC_001,S1,W1,0.0,500.0,1.5,0.0
D011,240.0,720.0,0.0,0.0,500.0,6.739093800835238e-05,0.0,SRC_001,S1,W1,0.0,500.0,1.5,0.0
D011,250.0,750.0,0.0,0.0,500.0,3.88326177824266e-05,0.0,SRC_001,S1,W1,0.0,500.0,1.5,0.0
D011,300.0,900.0,0.0,0.0,500.0,1.7603463121561693e-06,0.0,SRC_001,S1,W1,0.0,500.0,1.5,0.0
D011,333.333333,999.9999989999999,0.0,0.0,500.0,1.6373771715252479e-07,0.0,SRC_001,S1,W1,0.0,500.0,1.5,0.0
D011,360.0,1080.0,0.0,0.0,500.0,2.0455787237381658e-08,0.0,SRC_001,S1,W1,0.0,500.0,1.5,0.0
D011,420.0,1260.0,0.0,0.0,500.0,1.0574400393372471e-10,0.0,SRC_001,S1,W1,0.0,500.0,1.5,0.0
D011,480.0,1440.0,0.0,0.0,500.0,2.431737953517696e-13,0.0,SRC_001,S1,W1,0.0,500.0,1.5,0.0
D011,500.0,1500.0,0.0,0.0,500.0,2.6810038677818034e-14,0.0,SRC_001,S1,W1,0.0,500.0,1.5,0.0
D011,540.0,1620.0,0.0,0.0,500.0,2.487707212042164e-16,0.0,SRC_001,S1,W1,0.0,500.0,1.5,0.0
D011,600.0,1800.0,0.0,0.0,500.0,1.1321480606858558e-19,0.0,SRC_001,S1,W1,0.0,500.0,1.5,0.0
D011,660.0,1980.0,0.0,0.0,500.0,2.2920741245027792e-23,0.0,SRC_001,S1,W1,0.0,500.0,1.5,0.0
D011,666.666667,2000.0000009999999,0.0,0.0,500.0,8.474334980898046e-24,0.0,SRC_001,S1,W1,0.0,500.0,1.5,0.0
D011,720.0,2160.0,0.0,0.0,500.0,2.0643130566248962e-27,0.0,SRC_001,S1,W1,0.0,500.0,1.5,0.0
D011,780.0,2340.0,0.0,0.0,500.0,8.27073165258289e-32,0.0,SRC_001,S1,W1,0.0,500.0,1.5,0.0
D011,833.333333,2499.999999,0.0,0.0,500.0,5.1709861255614134e-36,0.0,SRC_001,S1,W1,0.0,500.0,1.5,0.0
D011,840.0,2520.0,0.0,0.0,500.0,1.4741231637686176e-36,0.0,SRC_001,S1,W1,0.0,500.0,1.5,0.0
D011,900.0,2700.0,0.0,0.0,500.0,1.1688131272189348e-41,0.0,SRC_001,S1,W1,0.0,500.0,1.5,0.0
D011,960.0,2880.0,0.0,0.0,500.0,4.1226632347261276e-47,0.0,SRC_001,S1,W1,0.0,500.0,1.5,0.0
D011,1000.0,3000.0,0.0,0.0,500.0,6.091167327196814e-51,0.0,SRC_001,S1,W1,0.0,500.0,1.5,0.0
D011,1020.0,3060.0,0.0,0.0,500.0,6.468924905842275e-53,0.0,SRC_001,S1,W1,0.0,500.0,1.5,0.0
D011,1080.0,3240.0,0.0,0.0,500.0,4.515520608518008e-59,0.0,SRC_001,S1,W1,0.0,500.0,1.5,0.0
D011,1140.0,3420.0,0.0,0.0,500.0,1.4021840329902361e-65,0.0,SRC_001,S1,W1,0.0,500.0,1.5,0.0
D011,1166.666667,3500.000001,0.0,0.0,500.0,1.385119248724684e-68,0.0,SRC_001,S1,W1,0.0,500.0,1.5,0.0
D011,1200.0,3600.0,0.0,0.0,500.0,1.936973484872117e-72,0.0,SRC_001,S1,W1,0.0,500.0,1.5,0.0
D012,0.0,0.0,0.0,0.0,-500.0,0.04393693362340742,0.0,SRC_001,S1,W1,0.0,-500.0,1.5,0.0
D012,60.0,180.0,0.0,0.0,-500.0,0.02930491586704076,0.0,SRC_001,S1,W1,0.0,-500.0,1.5,0.0
D012,120.0,360.0,0.0,0.0,-500.0,0.008695062005795456,0.0,SRC_001,S1,W1,0.0,-500.0,1.5,0.0
D012,166.666667,500.000001,0.0,0.0,-500.0,0.0019304541120970325,0.0,SRC_001,S1,W1,0.0,-500.0,1.5,0.0
D012,180.0,540.0,0.0,0.0,-500.0,0.0011476946509014264,0.0,SRC_001,S1,W1,0.0,-500.0,1.5,0.0
D012,240.0,720.0,0.0,0.0,-500.0,6.739093800835238e-05,0.0,SRC_001,S1,W1,0.0,-500.0,1.5,0.0
D012,250.0,750.0,0.0,0.0,-500.0,3.88326177824266e-05,0.0,SRC_001,S1,W1,0.0,-500.0,1.5,0.0
D012,300.0,900.0,0.0,0.0,-500.0,1.7603463121561693e-06,0.0,SRC_001,S1,W1,0.0,-500.0,1.5,0.0
D012,333.333333,999.9999989999999,0.0,0.0,-500.0,1.6373771715252479e-07,0.0,SRC_001,S1,W1,0.0,-500.0,1.5,0.0
D012,360.0,1080.0,0.0,0.0,-500.0,2.0455787237381658e-08,0.0,SRC_001,S1,W1,0.0,-500.0,1.5,0.0
D012,420.0,1260.0,0.0,0.0,-500.0,1.0574400393372471e-10,0.0,SRC_001,S1,W1,0.0,-500.0,1.5,0.0
D012,480.0,1440.0,0.0,0.0,-500.0,2.431737953517696e-13,0.0,SRC_001,S1,W1,0.0,-500.0,1.5,0.0
D012,500.0,1500.0,0.0,0.0,-500.0,2.6810038677818034e-14,0.0,SRC_001,S1,W1,0.0,-500.0,1.5,0.0
D012,540.0,1620.0,0.0,0.0,-500.0,2.487707212042164e-16,0.0,SRC_001,S1,W1,0.0,-500.0,1.5,0.0
D012,600.0,1800.0,0.0,0.0,-500.0,1.1321480606858558e-19,0.0,SRC_001,S1,W1,0.0,-500.0,1.5,0.0
D012,660.0,1980.0,0.0,0.0,-500.0,2.2920741245027792e-23,0.0,SRC_001,S1,W1,0.0,-500.0,1.5,0.0
D012,666.666667,2000.0000009999999,0.0,0.0,-500.0,8.474334980898046e-24,0.0,SRC_001,S1,W1,0.0,-500.0,1.5,0.0
D012,720.0,2160.0,0.0,0.0,-500.0,2.0643130566248962e-27,0.0,SRC_001,S1,W1,0.0,-500.0,1.5,0.0
D012,780.0,2340.0,0.0,0.0,-500.0,8.27073165258289e-32,0.0,SRC_001,S1,W1,0.0,-500.0,1.5,0.0
D012,833.333333,2499.999999,0.0,0.0,-500.0,5.1709861255614134e-36,0.0,SRC_001,S1,W1,0.0,-500.0,1.5,0.0
D012,840.0,2520.0,0.0,0.0,-500.0,1.4741231637686176e-36,0.0,SRC_001,S1,W1,0.0,-500.0,1.5,0.0
D012,900.0,2700.0,0.0,0.0,-500.0,1.1688131272189348e-41,0.0,SRC_001,S1,W1,0.0,-500.0,1.5,0.0
D012,960.0,2880.0,0.0,0.0,-500.0,4.1226632347261276e-47,0.0,SRC_001,S1,W1,0.0,-500.0,1.5,0.0
D012,1000.0,3000.0,0.0,0.0,-500.0,6.091167327196814e-51,0.0,SRC_001,S1,W1,0.0,-500.0,1.5,0.0
D012,1020.0,3060.0,0.0,0.0,-500.0,6.468924905842275e-53,0.0,SRC_001,S1,W1,0.0,-500.0,1.5,0.0
D012,1080.0,3240.0,0.0,0.0,-500.0,4.515520608518008e-59,0.0,SRC_001,S1,W1,0.0,-500.0,1.5,0.0
D012,1140.0,3420.0,0.0,0.0,-500.0,1.4021840329902361e-65,0.0,SRC_001,S1,W1,0.0,-500.0,1.5,0.0
D012,1166.666667,3500.000001,0.0,0.0,-500.0,1.385119248724684e-68,0.0,SRC_001,S1,W1,0.0,-500.0,1.5,0.0
D012,1200.0,3600.0,0.0,0.0,-500.0,1.936973484872117e-72,0.0,SRC_001,S1,W1,0.0,-500.0,1.5,0.0
D013,0.0,0.0,0.0,-500.0,0.0,0.04393693362340742,,SRC_001,S1,W1,-500.0,0.0,1.5,0.0
D013,60.0,180.0,0.0,-500.0,0.0,0.0030887154082367687,,SRC_001,S1,W1,-500.0,0.0,1.5,0.0
D013,120.0,360.0,0.0,-500.0,0.0,9.659341372218401e-05,,SRC_001,S1,W1,-500.0,0.0,1.5,0.0
D013,166.666667,500.000001,0.0,-500.0,0.0,3.726653078912342e-06,,SRC_001,S1,W1,-500.0,0.0,1.5,0.0
D013,180.0,540.0,0.0,-500.0,0.0,1.3438122776315214e-06,,SRC_001,S1,W1,-500.0,0.0,1.5,0.0
D013,240.0,720.0,0.0,-500.0,0.0,8.316702456828333e-09,,SRC_001,S1,W1,-500.0,0.0,1.5,0.0
D013,250.0,750.0,0.0,-500.0,0.0,3.293714110306081e-09,,SRC_001,S1,W1,-500.0,0.0,1.5,0.0
D013,300.0,900.0,0.0,-500.0,0.0,2.289734845645553e-11,,SRC_001,S1,W1,-500.0,0.0,1.5,0.0
D013,333.333333,999.9999989999999,0.0,-500.0,0.0,6.101936906427984e-13,,SRC_001,S1,W1,-500.0,0.0,1.5,0.0
D013,360.0,1080.0,0.0,-500.0,0.0,2.804404738222797e-14,,SRC_001,S1,W1,-500.0,0.0,1.5,0.0
D013,420.0,1260.0,0.0,-500.0,0.0,1.5279799682873048e-17,,SRC_001,S1,W1,-500.0,0.0,1.5,0.0
D013,480.0,1440.0,0.0,-500.0,0.0,3.703531977652345e-21,,SRC_001,S1,W1,-500.0,0.0,1.5,0.0
D013,500.0,1500.0,0.0,-500.0,0.0,1.9287498479639178e-22,,SRC_001,S1,W1,-500.0,0.0,1.5,0.0
D013,540.0,1620.0,0.0,-500.0,0.0,3.993337409857663e-25,,SRC_001,S1,W1,-500.0,0.0,1.5,0.0
D013,600.0,1800.0,0.0,-500.0,0.0,1.915478951967148e-29,,SRC_001,S1,W1,-500.0,0.0,1.5,0.0
D013,660.0,1980.0,0.0,-500.0,0.0,4.087334972865946e-34,,SRC_001,S1,W1,-500.0,0.0,1.5,0.0
D013,666.666667,2000.0000009999999,0.0,-500.0,0.0,1.1769108703647493e-34,,SRC_001,S1,W1,-500.0,0.0,1.5,0.0
D013,720.0,2160.0,0.0,-500.0,0.0,3.879935876284397e-39,,SRC_001,S1,W1,-500.0,0.0,1.5,0.0
D013,780.0,2340.0,0.0,-500.0,0.0,1.638439217006888e-44,,SRC_001,S1,W1,-500.0,0.0,1.5,0.0
D013,833.333333,2499.999999,0.0,-500.0,0.0,1.3863433976169055e-49,,SRC_001,S1,W1,-500.0,0.0,1.5,0.0
D013,840.0,2520.0,0.0,-500.0,0.0,3.077921863762857e-50,,SRC_001,S1,W1,-500.0,0.0,1.5,0.0
D013,900.0,2700.0,0.0,-500.0,0.0,2.572209372642415e-56,,SRC_001,S1,W1,-500.0,0.0,1.5,0.0
D013,960.0,2880.0,0.0,-500.0,0.0,9.562611494353057e-63,,SRC_001,S1,W1,-500.0,0.0,1.5,0.0
D013,1000.0,3000.0,0.0,-500.0,0.0,3.1525171551450254e-67,,SRC_001,S1,W1,-500.0,0.0,1.5,0.0
D013,1020.0,3060.0,0.0,-500.0,0.0,1.58149628794804e-69,,SRC_001,S1,W1,-500.0,0.0,1.5,0.0
D013,1080.0,3240.0,0.0,-500.0,0.0,1.1635399829534604e-76,,SRC_001,S1,W1,-500.0,0.0,1.5,0.0
D013,1140.0,3420.0,0.0,-500.0,0.0,3.808166392560448e-84,,SRC_001,S1,W1,-500.0,0.0,1.5,0.0
D013,1166.666667,3500.000001,0.0,-500.0,0.0,1.3838963883471e-87,,SRC_001,S1,W1,-500.0,0.0,1.5,0.0
D013,1200.0,3600.0,0.0,-500.0,0.0,5.544622590477945e-92,,SRC_001,S1,W1,-500.0,0.0,1.5,0.0
D014,0.0,0.0,0.0,500.0,500.0,0.0019304541362277093,166.66666666666666,SRC_001,S1,W1,500.0,500.0,1.5,4.56478496463146e-42
D014,60.0,180.0,0.0,500.0,500.0,0.012216106414843372,166.66666666666666,SRC_001,S1,W1,500.0,500.0,1.5,2.888641477791485e-41
D014,120.0,360.0,0.0,500.0,500.0,0.03438963734347271,166.66666666666666,SRC_001,S1,W1,500.0,500.0,1.5,8.131832636613121e-41
D014,166.666667,500.000001,0.0,500.0,500.0,0.04393693362340742,166.66666666666666,SRC_001,S1,W1,500.0,500.0,1.5,1.0389402691952015e-40
D014,180.0,540.0,0.0,500.0,500.0,0.04306692404683092,166.66666666666666,SRC_001,S1,W1,500.0,500.0,1.5,1.0183678735100997e-40
D014,240.0,720.0,0.0,500.0,500.0,0.023992835836709175,166.66666666666666,SRC_001,S1,W1,500.0,500.0,1.5,5.673387118136749e-41
D014,250.0,750.0,0.0,500.0,500.0,0.02011579402674089,166.66666666666666,SRC_001,S1,W1,500.0,500.0,1.5,4.756615161255449e-41
D014,300.0,900.0,0.0,500.0,500.0,0.005946217356472094,166.66666666666666,SRC_001,S1,W1,500.0,500.0,1.5,1.4060527559745521e-41
D014,333.333333,999.9999989999999,0.0,500.0,500.0,0.001930454160358388,166.66666666666666,SRC_001,S1,W1,500.0,500.0,1.5,4.5647850216912767e-42
D014,360.0,1080.0,0.0,500.0,500.0,0.0006555735871256958,166.66666666666666,SRC_001,S1,W1,500.0,500.0,1.5,1.5501805495201353e-42
D014,420.0,1260.0,0.0,500.0,500.0,3.2153154303800296e-05,166.66666666666666,SRC_001,S1,W1,500.0,500.0,1.5,7.602990020693772e-44
D014,480.0,1440.0,0.0,500.0,500.0,7.015315242971374e-07,166.66666666666666,SRC_001,S1,W1,500.0,500.0,1.5,1.6588534760966868e-45
D014,500.0,1500.0,0.0,500.0,500.0,1.6373771305908126e-07,166.66666666666666,SRC_001,S1,W1,500.0,500.0,1.5,3.8717700497965654e-46
D014,540.0,1620.0,0.0,500.0,500.0,6.809140065604568e-09,166.66666666666666,SRC_001,S1,W1,500.0,500.0,1.5,1.610100939993275e-47
D014,600.0,1800.0,0.0,500.0,500.0,2.9400777392844726e-11,166.66666666666666,SRC_001,S1,W1,500.0,500.0,1.5,6.952158255030588e-50
D014,660.0,1980.0,0.0,500.0,500.0,5.647377634439187e-14,166.66666666666666,SRC_001,S1,W1,500.0,500.0,1.5,1.3353886026869677e-52
D014,666.666667,2000.0000009999999,0.0,500.0,500.0,2.6810037672441754e-14,166.66666666666666,SRC_001,S1,W1,500.0,500.0,1.5,6.339547496710349e-53
D014,720.0,2160.0,0.0,500.0,500.0,4.8256555019929546e-17,166.66666666666666,SRC_001,S1,W1,500.0,500.0,1.5,1.1410827777050159e-55
D014,780.0,2340.0,0.0,500.0,500.0,1.8343713970096256e-20,166.66666666666666,SRC_001,S1,W1,500.0,500.0,1.5,4.3375860713180065e-59
D014,833.333333,2499.999999,0.0,500.0,500.0,8.474335828331535e-24,166.66666666666666,SRC_001,S1,W1,500.0,500.0,1.5,2.003855986446627e-62
D014,840.0,2520.0,0.0,500.0,500.0,3.101985008388947e-24,166.66666666666666,SRC_001,S1,W1,500.0,500.0,1.5,7.335006960836602e-63
D014,900.0,2700.0,0.0,500.0,500.0,2.33353107641944e-28,166.66666666666666,SRC_001,S1,W1,500.0,500.0,1.5,5.517907611602147e-67
D014,960.0,2880.0,0.0,500.0,500.0,7.809243286335883e-33,166.66666666666666,SRC_001,S1,W1,500.0,500.0,1.5,1.846587063097694e-71
D014,1000.0,3000.0,0.0,500.0,500.0,5.170985802374829e-36,166.66666666666666,SRC_001,S1,W1,500.0,500.0,1.5,1.2227401728967609e-74
D014,1020.0,3060.0,0.0,500.0,500.0,1.1625878677446966e-37,166.66666666666666,SRC_001,S1,W1,500.0,500.0,1.5,2.749075214557674e-76
D014,1080.0,3240.0,0.0,500.0,500.0,7.69952777259035e-43,166.66666666666666,SRC_001,S1,W1,500.0,500.0,1.5,1.8206435445165637e-81
D014,1140.0,3420.0,0.0,500.0,500.0,2.268422063827973e-48,166.66666666666666,SRC_001,S1,W1,500.0,500.0,1.5,5.363949723578813e-87
D014,1166.666667,3500.000001,0.0,500.0,500.0,6.091166870359351e-51,166.66666666666666,SRC_001,S1,W1,500.0,500.0,1.5,1.44032776666795e-89
D014,1200.0,3600.0,0.0,500.0,500.0,2.973069799909997e-54,166.66666666666666,SRC_001,S1,W1,500.0,500.0,1.5,7.030171847516082e-93
D015,0.0,0.0,0.0,500.0,-500.0,0.0019304541362277093,166.66666666666666,SRC_001,S1,W1,500.0,-500.0,1.5,4.56478496463146e-42
D015,60.0,180.0,0.0,500.0,-500.0,0.012216106414843372,166.66666666666666,SRC_001,S1,W1,500.0,-500.0,1.5,2.888641477791485e-41
D015,120.0,360.0,0.0,500.0,-500.0,0.03438963734347271,166.66666666666666,SRC_001,S1,W1,500.0,-500.0,1.5,8.131832636613121e-41
D015,166.666667,500.000001,0.0,500.0,-500.0,0.04393693362340742,166.66666666666666,SRC_001,S1,W1,500.0,-500.0,1.5,1.0389402691952015e-40
D015,180.0,540.0,0.0,500.0,-500.0,0.04306692404683092,166.66666666666666,SRC_001,S1,W1,500.0,-500.0,1.5,1.0183678735100997e-40
D015,240.0,720.0,0.0,500.0,-500.0,0.023992835836709175,166.66666666666666,SRC_001,S1,W1,500.0,-500.0,1.5,5.673387118136749e-41
D015,250.0,750.0,0.0,500.0,-500.0,0.02011579402674089,166.66666666666666,SRC_001,S1,W1,500.0,-500.0,1.5,4.756615161255449e-41
D015,300.0,900.0,0.0,500.0,-500.0,0.005946217356472094,166.66666666666666,SRC_001,S1,W1,500.0,-500.0,1.5,1.4060527559745521e-41
D015,333.333333,999.9999989999999,0.0,500.0,-500.0,0.001930454160358388,166.66666666666666,SRC_001,S1,W1,500.0,-500.0,1.5,4.5647850216912767e-42
D015,360.0,1080.0,0.0,500.0,-500.0,0.0006555735871256958,166.66666666666666,SRC_001,S1,W1,500.0,-500.0,1.5,1.5501805495201353e-42
D015,420.0,1260.0,0.0,500.0,-500.0,3.2153154303800296e-05,166.66666666666666,SRC_001,S1,W1,500.0,-500.0,1.5,7.602990020693772e-44
D015,480.0,1440.0,0.0,500.0,-500.0,7.015315242971374e-07,166.66666666666666,SRC_001,S1,W1,500.0,-500.0,1.5,1.6588534760966868e-45
D015,500.0,1500.0,0.0,500.0,-500.0,1.6373771305908126e-07,166.66666666666666,SRC_001,S1,W1,500.0,-500.0,1.5,3.8717700497965654e-46
D015,540.0,1620.0,0.0,500.0,-500.0,6.809140065604568e-09,166.66666666666666,SRC_001,S1,W1,500.0,-500.0,1.5,1.610100939993275e-47
D015,600.0,1800.0,0.0,500.0,-500.0,2.9400777392844726e-11,166.66666666666666,SRC_001,S1,W1,500.0,-500.0,1.5,6.952158255030588e-50
D015,660.0,1980.0,0.0,500.0,-500.0,5.647377634439187e-14,166.66666666666666,SRC_001,S1,W1,500.0,-500.0,1.5,1.3353886026869677e-52
D015,666.666667,2000.0000009999999,0.0,500.0,-500.0,2.6810037672441754e-14,166.66666666666666,SRC_001,S1,W1,500.0,-500.0,1.5,6.339547496710349e-53
D015,720.0,2160.0,0.0,500.0,-500.0,4.8256555019929546e-17,166.66666666666666,SRC_001,S1,W1,500.0,-500.0,1.5,1.1410827777050159e-55
D015,780.0,2340.0,0.0,500.0,-500.0,1.8343713970096256e-20,166.66666666666666,SRC_001,S1,W1,500.0,-500.0,1.5,4.3375860713180065e-59
D015,833.333333,2499.999999,0.0,500.0,-500.0,8.474335828331535e-24,166.66666666666666,SRC_001,S1,W1,500.0,-500.0,1.5,2.003855986446627e-62
D015,840.0,2520.0,0.0,500.0,-500.0,3.101985008388947e-24,166.66666666666666,SRC_001,S1,W1,500.0,-500.0,1.5,7.335006960836602e-63
D015,900.0,2700.0,0.0,500.0,-500.0,2.33353107641944e-28,166.66666666666666,SRC_001,S1,W1,500.0,-500.0,1.5,5.517907611602147e-67
D015,960.0,2880.0,0.0,500.0,-500.0,7.809243286335883e-33,166.66666666666666,SRC_001,S1,W1,500.0,-500.0,1.5,1.846587063097694e-71
D015,1000.0,3000.0,0.0,500.0,-500.0,5.170985802374829e-36,166.66666666666666,SRC_001,S1,W1,500.0,-500.0,1.5,1.2227401728967609e-74
D015,1020.0,3060.0,0.0,500.0,-500.0,1.1625878677446966e-37,166.66666666666666,SRC_001,S1,W1,500.0,-500.0,1.5,2.749075214557674e-76
D015,1080.0,3240.0,0.0,500.0,-500.0,7.69952777259035e-43,166.66666666666666,SRC_001,S1,W1,500.0,-500.0,1.5,1.8206435445165637e-81
D015,1140.0,3420.0,0.0,500.0,-500.0,2.268422063827973e-48,166.66666666666666,SRC_001,S1,W1,500.0,-500.0,1.5,5.363949723578813e-87
D015,1166.666667,3500.000001,0.0,500.0,-500.0,6.091166870359351e-51,166.66666666666666,SRC_001,S1,W1,500.0,-500.0,1.5,1.44032776666795e-89
D015,1200.0,3600.0,0.0,500.0,-500.0,2.973069799909997e-54,166.66666666666666,SRC_001,S1,W1,500.0,-500.0,1.5,7.030171847516082e-93
D016,0.0,0.0,0.0,1500.0,500.0,2.6810038677818034e-14,500.0,SRC_001,S1,W1,1500.0,500.0,1.5,1.9602295327051427e-22
D016,60.0,180.0,0.0,1500.0,500.0,1.5272000450601902e-11,500.0,SRC_001,S1,W1,1500.0,500.0,1.5,1.1166200342532487e-19
D016,120.0,360.0,0.0,1500.0,500.0,3.870043846979656e-09,500.0,SRC_001,S1,W1,1500.0,500.0,1.5,2.829602125113664e-17
D016,166.666667,500.000001,0.0,1500.0,500.0,1.637377171525239e-07,500.0,SRC_001,S1,W1,1500.0,500.0,1.5,1.1971765973081422e-15
D016,180.0,540.0,0.0,1500.0,500.0,4.362719715995171e-07,500.0,SRC_001,S1,W1,1500.0,500.0,1.5,3.18982457764389e-15
D016,240.0,720.0,0.0,1500.0,500.0,2.187863430200519e-05,500.0,SRC_001,S1,W1,1500.0,500.0,1.5,1.5996674085192614e-13
D016,250.0,750.0,0.0,1500.0,500.0,3.88326177824266e-05,500.0,SRC_001,S1,W1,1500.0,500.0,1.5,2.839266482384601e-13
D016,300.0,900.0,0.0,1500.0,500.0,0.000488095243523415,500.0,SRC_001,S1,W1,1500.0,500.0,1.5,3.5687330504268228e-12
D016,333.333333,999.9999989999999,0.0,1500.0,500.0,0.0019304541120970307,500.0,SRC_001,S1,W1,1500.0,500.0,1.5,1.4114612841627797e-11
D016,360.0,1080.0,0.0,1500.0,500.0,0.004844070012248967,500.0,SRC_001,S1,W1,1500.0,500.0,1.5,3.541766280388891e-11
D016,420.0,1260.0,0.0,1500.0,500.0,0.02138640156115709,500.0,SRC_001,S1,W1,1500.0,500.0,1.5,1.5636775628062386e-10
D016,480.0,1440.0,0.0,1500.0,500.0,0.04200359790344555,500.0,SRC_001,S1,W1,1500.0,500.0,1.5,3.071114297135615e-10
D016,500.0,1500.0,0.0,1500.0,500.0,0.04393693362340742,500.0,SRC_001,S1,W1,1500.0,500.0,1.5,3.2124711157678306e-10
D016,540.0,1620.0,0.0,1500.0,500.0,0.03669921183638653,500.0,SRC_001,S1,W1,1500.0,500.0,1.5,2.68328142802e-10
D016,600.0,1800.0,0.0,1500.0,500.0,0.014264233908999256,500.0,SRC_001,S1,W1,1500.0,500.0,1.5,1.042936674051457e-10
D016,660.0,1980.0,0.0,1500.0,500.0,0.002466389348609051,500.0,SRC_001,S1,W1,1500.0,500.0,1.5,1.8033130419513212e-11
D016,666.666667,2000.0000009999999,0.0,1500.0,500.0,0.001930454112097036,500.0,SRC_001,S1,W1,1500.0,500.0,1.5,1.4114612841627836e-11
D016,720.0,2160.0,0.0,1500.0,500.0,0.00018971264981186754,500.0,SRC_001,S1,W1,1500.0,500.0,1.5,1.3870936307028014e-12
D016,780.0,2340.0,0.0,1500.0,500.0,6.49160989648215e-06,500.0,SRC_001,S1,W1,1500.0,500.0,1.5,4.7463733964746845e-14
D016,833.333333,2499.999999,0.0,1500.0,500.0,1.637377171525239e-07,500.0,SRC_001,S1,W1,1500.0,500.0,1.5,1.1971765973081422e-15
D016,840.0,2520.0,0.0,1500.0,500.0,9.881662273882859e-08,500.0,SRC_001,S1,W1,1500.0,500.0,1.5,7.2250273318367e-16
D016,900.0,2700.0,0.0,1500.0,500.0,6.691586091292782e-10,500.0,SRC_001,S1,W1,1500.0,500.0,1.5,4.892587002361843e-18
D016,960.0,2880.0,0.0,1500.0,500.0,2.0158100326412228e-12,500.0,SRC_001,S1,W1,1500.0,500.0,1.5,1.473869697016131e-20
D016,1000.0,3000.0,0.0,1500.0,500.0,2.6810038677818034e-14,500.0,SRC_001,S1,W1,1500.0,500.0,1.5,1.9602295327051427e-22
D016,1020.0,3060.0,0.0,1500.0,500.0,2.7014168507540514e-15,500.0,SRC_001,S1,W1,1500.0,500.0,1.5,1.9751545884104575e-23
D016,1080.0,3240.0,0.0,1500.0,500.0,1.6104790380354398e-18,500.0,SRC_001,S1,W1,1500.0,500.0,1.5,1.1775098910139158e-26
D016,1140.0,3420.0,0.0,1500.0,500.0,4.271102735910932e-22,500.0,SRC_001,S1,W1,1500.0,500.0,1.5,3.1228383594528016e-30
D016,1166.666667,3500.000001,0.0,1500.0,500.0,8.474334980898046e-24,500.0,SRC_001,S1,W1,1500.0,500.0,1.5,6.196052866323049e-32
D016,1200.0,3600.0,0.0,1500.0,500.0,5.0390240267486375e-26,500.0,SRC_001,S1,W1,1500.0,500.0,1.5,3.684307893750257e-34
D017,0.0,0.0,0.0,1500.0,-500.0,2.6810038677818034e-14,500.0,SRC_001,S1,W1,1500.0,-500.0,1.5,1.9602295327051427e-22
D017,60.0,180.0,0.0,1500.0,-500.0,1.5272000450601902e-11,500.0,SRC_001,S1,W1,1500.0,-500.0,1.5,1.1166200342532487e-19
D017,120.0,360.0,0.0,1500.0,-500.0,3.870043846979656e-09,500.0,SRC_001,S1,W1,1500.0,-500.0,1.5,2.829602125113664e-17
D017,166.666667,500.000001,0.0,1500.0,-500.0,1.637377171525239e-07,500.0,SRC_001,S1,W1,1500.0,-500.0,1.5,1.1971765973081422e-15
D017,180.0,540.0,0.0,1500.0,-500.0,4.362719715995171e-07,500.0,SRC_001,S1,W1,1500.0,-500.0,1.5,3.18982457764389e-15
D017,240.0,720.0,0.0,1500.0,-500.0,2.187863430200519e-05,500.0,SRC_001,S1,W1,1500.0,-500.0,1.5,1.5996674085192614e-13
D017,250.0,750.0,0.0,1500.0,-500.0,3.88326177824266e-05,500.0,SRC_001,S1,W1,1500.0,-500.0,1.5,2.839266482384601e-13
D017,300.0,900.0,0.0,1500.0,-500.0,0.000488095243523415,500.0,SRC_001,S1,W1,1500.0,-500.0,1.5,3.5687330504268228e-12
D017,333.333333,999.9999989999999,0.0,1500.0,-500.0,0.0019304541120970307,500.0,SRC_001,S1,W1,1500.0,-500.0,1.5,1.4114612841627797e-11
D017,360.0,1080.0,0.0,1500.0,-500.0,0.004844070012248967,500.0,SRC_001,S1,W1,1500.0,-500.0,1.5,3.541766280388891e-11
D017,420.0,1260.0,0.0,1500.0,-500.0,0.02138640156115709,500.0,SRC_001,S1,W1,1500.0,-500.0,1.5,1.5636775628062386e-10
D017,480.0,1440.0,0.0,1500.0,-500.0,0.04200359790344555,500.0,SRC_001,S1,W1,1500.0,-500.0,1.5,3.071114297135615e-10
D017,500.0,1500.0,0.0,1500.0,-500.0,0.04393693362340742,500.0,SRC_001,S1,W1,1500.0,-500.0,1.5,3.2124711157678306e-10
D017,540.0,1620.0,0.0,1500.0,-500.0,0.03669921183638653,500.0,SRC_001,S1,W1,1500.0,-500.0,1.5,2.68328142802e-10
D017,600.0,1800.0,0.0,1500.0,-500.0,0.014264233908999256,500.0,SRC_001,S1,W1,1500.0,-500.0,1.5,1.042936674051457e-10
D017,660.0,1980.0,0.0,1500.0,-500.0,0.002466389348609051,500.0,SRC_001,S1,W1,1500.0,-500.0,1.5,1.8033130419513212e-11
D017,666.666667,2000.0000009999999,0.0,1500.0,-500.0,0.001930454112097036,500.0,SRC_001,S1,W1,1500.0,-500.0,1.5,1.4114612841627836e-11
D017,720.0,2160.0,0.0,1500.0,-500.0,0.00018971264981186754,500.0,SRC_001,S1,W1,1500.0,-500.0,1.5,1.3870936307028014e-12
D017,780.0,2340.0,0.0,1500.0,-500.0,6.49160989648215e-06,500.0,SRC_001,S1,W1,1500.0,-500.0,1.5,4.7463733964746845e-14
D017,833.333333,2499.999999,0.0,1500.0,-500.0,1.637377171525239e-07,500.0,SRC_001,S1,W1,1500.0,-500.0,1.5,1.1971765973081422e-15
D017,840.0,2520.0,0.0,1500.0,-500.0,9.881662273882859e-08,500.0,SRC_001,S1,W1,1500.0,-500.0,1.5,7.2250273318367e-16
D017,900.0,2700.0,0.0,1500.0,-500.0,6.691586091292782e-10,500.0,SRC_001,S1,W1,1500.0,-500.0,1.5,4.892587002361843e-18
D017,960.0,2880.0,0.0,1500.0,-500.0,2.0158100326412228e-12,500.0,SRC_001,S1,W1,1500.0,-500.0,1.5,1.473869697016131e-20
D017,1000.0,3000.0,0.0,1500.0,-500.0,2.6810038677818034e-14,500.0,SRC_001,S1,W1,1500.0,-500.0,1.5,1.9602295327051427e-22
D017,1020.0,3060.0,0.0,1500.0,-500.0,2.7014168507540514e-15,500.0,SRC_001,S1,W1,1500.0,-500.0,1.5,1.9751545884104575e-23
D017,1080.0,3240.0,0.0,1500.0,-500.0,1.6104790380354398e-18,500.0,SRC_001,S1,W1,1500.0,-500.0,1.5,1.1775098910139158e-26
D017,1140.0,3420.0,0.0,1500.0,-500.0,4.271102735910932e-22,500.0,SRC_001,S1,W1,1500.0,-500.0,1.5,3.1228383594528016e-30
D017,1166.666667,3500.000001,0.0,1500.0,-500.0,8.474334980898046e-24,500.0,SRC_001,S1,W1,1500.0,-500.0,1.5,6.196052866323049e-32
D017,1200.0,3600.0,0.0,1500.0,-500.0,5.0390240267486375e-26,500.0,SRC_001,S1,W1,1500.0,-500.0,1.5,3.684307893750257e-34
D018,0.0,0.0,0.0,2500.0,250.0,5.38829093961463e-35,833.3333333333334,SRC_001,S1,W1,2500.0,250.0,1.5,1.4573488260935679e-39
D018,60.0,180.0,0.0,2500.0,250.0,2.762960610621459e-30,833.3333333333334,SRC_001,S1,W1,2500.0,250.0,1.5,7.472865603504202e-35
D018,120.0,360.0,0.0,2500.0,250.0,6.302601078826041e-26,833.3333333333334,SRC_001,S1,W1,2500.0,250.0,1.5,1.704638518316552e-30
D018,166.666667,500.000001,0.0,2500.0,250.0,8.830460710621102e-23,833.3333333333334,SRC_001,S1,W1,2500.0,250.0,1.5,2.3883382866125317e-27
D018,180.0,540.0,0.0,2500.0,250.0,6.395675416975312e-22,833.3333333333334,SRC_001,S1,W1,2500.0,250.0,1.5,1.7298119506648387e-26
D018,240.0,720.0,0.0,2500.0,250.0,2.887184119133995e-18,833.3333333333334,SRC_001,S1,W1,2500.0,250.0,1.5,7.808847803301521e-23
D018,250.0,750.0,0.0,2500.0,250.0,1.0848552640429378e-17,833.3333333333334,SRC_001,S1,W1,2500.0,250.0,1.5,2.9341632871210118e-22
D018,300.0,900.0,0.0,2500.0,250.0,5.798077487374048e-15,833.3333333333334,SRC_001,S1,W1,2500.0,250.0,1.5,1.5681821034757344e-19
D018,333.333333,999.9999989999999,0.0,2500.0,250.0,2.7936700776629167e-13,833.3333333333334,SRC_001,S1,W1,2500.0,250.0,1.5,7.555924232379999e-18
D018,360.0,1080.0,0.0,2500.0,250.0,5.179824192007588e-12,833.3333333333334,SRC_001,S1,W1,2500.0,250.0,1.5,1.4009656847024692e-16
D018,420.0,1260.0,0.0,2500.0,250.0,2.0585787900160406e-09,833.3333333333334,SRC_001,S1,W1,2500.0,250.0,1.5,5.5677531459827935e-14
D018,480.0,1440.0,0.0,2500.0,250.0,3.6394976029611033e-07,833.3333333333334,SRC_001,S1,W1,2500.0,250.0,1.5,9.843599053367115e-12
D018,500.0,1500.0,0.0,2500.0,250.0,1.706186149929628e-06,833.3333333333334,SRC_001,S1,W1,2500.0,250.0,1.5,4.6146513069965786e-11
D018,540.0,1620.0,0.0,2500.0,250.0,2.862443025624263e-05,833.3333333333334,SRC_001,S1,W1,2500.0,250.0,1.5,7.741931588147671e-10
D018,600.0,1800.0,0.0,2500.0,250.0,0.0010015064124832178,833.3333333333334,SRC_001,S1,W1,2500.0,250.0,1.5,2.7087330860831067e-08
D018,660.0,1980.0,0.0,2500.0,250.0,0.015588060660908483,833.3333333333334,SRC_001,S1,W1,2500.0,250.0,1.5,4.216038473021844e-07
D018,666.666667,2000.0000009999999,0.0,2500.0,250.0,0.020115794278188284,833.3333333333334,SRC_001,S1,W1,2500.0,250.0,1.5,5.440635909566172e-07
D018,720.0,2160.0,0.0,2500.0,250.0,0.10793241875403936,833.3333333333334,SRC_001,S1,W1,2500.0,250.0,1.5,2.9192036126373007e-06
D018,780.0,2340.0,0.0,2500.0,250.0,0.33245525479066845,833.3333333333334,SRC_001,S1,W1,2500.0,250.0,1.5,8.991780153067798e-06
D018,833.333333,2499.999999,0.0,2500.0,250.0,0.45783336177161427,833.3333333333334,SRC_001,S1,W1,2500.0,250.0,1.5,1.2382830099594686e-05
D018,840.0,2520.0,0.0,2500.0,250.0,0.4555499083534941,833.3333333333334,SRC_001,S1,W1,2500.0,250.0,1.5,1.2321070476819479e-05
D018,900.0,2700.0,0.0,2500.0,250.0,0.27768997095378994,833.3333333333334,SRC_001,S1,W1,2500.0,250.0,1.5,7.510566109416619e-06
D018,960.0,2880.0,0.0,2500.0,250.0,0.0753018933802782,833.3333333333334,SRC_001,S1,W1,2500.0,250.0,1.5,2.0366592515180725e-06
D018,1000.0,3000.0,0.0,2500.0,250.0,0.02011579402674089,833.3333333333334,SRC_001,S1,W1,2500.0,250.0,1.5,5.440635841558232e-07
D018,1020.0,3060.0,0.0,2500.0,250.0,0.009083915108044157,833.3333333333334,SRC_001,S1,W1,2500.0,250.0,1.5,2.456889052094984e-07
D018,1080.0,3240.0,0.0,2500.0,250.0,0.00048748550563458435,833.3333333333334,SRC_001,S1,W1,2500.0,250.0,1.5,1.3184819404443688e-08
D018,1140.0,3420.0,0.0,2500.0,250.0,1.1637824869549073e-05,833.3333333333334,SRC_001,S1,W1,2500.0,250.0,1.5,3.1476344915281937e-10
D018,1166.666667,3500.000001,0.0,2500.0,250.0,1.7061861072749774e-06,833.3333333333334,SRC_001,S1,W1,2500.0,250.0,1.5,4.614651191630304e-11
D018,1200.0,3600.0,0.0,2500.0,250.0,1.235957101561072e-07,833.3333333333334,SRC_001,S1,W1,2500.0,250.0,1.5,3.3428421947662307e-12
D019,0.0,0.0,0.0,2500.0,-250.0,5.38829093961463e-35,833.3333333333334,SRC_001,S1,W1,2500.0,-250.0,1.5,1.4573488260935679e-39
D019,60.0,180.0,0.0,2500.0,-250.0,2.762960610621459e-30,833.3333333333334,SRC_001,S1,W1,2500.0,-250.0,1.5,7.472865603504202e-35
D019,120.0,360.0,0.0,2500.0,-250.0,6.302601078826041e-26,833.3333333333334,SRC_001,S1,W1,2500.0,-250.0,1.5,1.704638518316552e-30
D019,166.666667,500.000001,0.0,2500.0,-250.0,8.830460710621102e-23,833.3333333333334,SRC_001,S1,W1,2500.0,-250.0,1.5,2.3883382866125317e-27
D019,180.0,540.0,0.0,2500.0,-250.0,6.395675416975312e-22,833.3333333333334,SRC_001,S1,W1,2500.0,-250.0,1.5,1.7298119506648387e-26
D019,240.0,720.0,0.0,2500.0,-250.0,2.887184119133995e-18,833.3333333333334,SRC_001,S1,W1,2500.0,-250.0,1.5,7.808847803301521e-23
D019,250.0,750.0,0.0,2500.0,-250.0,1.0848552640429378e-17,833.3333333333334,SRC_001,S1,W1,2500.0,-250.0,1.5,2.9341632871210118e-22
D019,300.0,900.0,0.0,2500.0,-250.0,5.798077487374048e-15,833.3333333333334,SRC_001,S1,W1,2500.0,-250.0,1.5,1.5681821034757344e-19
D019,333.333333,999.9999989999999,0.0,2500.0,-250.0,2.7936700776629167e-13,833.3333333333334,SRC_001,S1,W1,2500.0,-250.0,1.5,7.555924232379999e-18
D019,360.0,1080.0,0.0,2500.0,-250.0,5.179824192007588e-12,833.3333333333334,SRC_001,S1,W1,2500.0,-250.0,1.5,1.4009656847024692e-16
D019,420.0,1260.0,0.0,2500.0,-250.0,2.0585787900160406e-09,833.3333333333334,SRC_001,S1,W1,2500.0,-250.0,1.5,5.5677531459827935e-14
D019,480.0,1440.0,0.0,2500.0,-250.0,3.6394976029611033e-07,833.3333333333334,SRC_001,S1,W1,2500.0,-250.0,1.5,9.843599053367115e-12
D019,500.0,1500.0,0.0,2500.0,-250.0,1.706186149929628e-06,833.3333333333334,SRC_001,S1,W1,2500.0,-250.0,1.5,4.6146513069965786e-11
D019,540.0,1620.0,0.0,2500.0,-250.0,2.862443025624263e-05,833.3333333333334,SRC_001,S1,W1,2500.0,-250.0,1.5,7.741931588147671e-10
D019,600.0,1800.0,0.0,2500.0,-250.0,0.0010015064124832178,833.3333333333334,SRC_001,S1,W1,2500.0,-250.0,1.5,2.7087330860831067e-08
D019,660.0,1980.0,0.0,2500.0,-250.0,0.015588060660908483,833.3333333333334,SRC_001,S1,W1,2500.0,-250.0,1.5,4.216038473021844e-07
D019,666.666667,2000.0000009999999,0.0,2500.0,-250.0,0.020115794278188284,833.3333333333334,SRC_001,S1,W1,2500.0,-250.0,1.5,5.440635909566172e-07
D019,720.0,2160.0,0.0,2500.0,-250.0,0.10793241875403936,833.3333333333334,SRC_001,S1,W1,2500.0,-250.0,1.5,2.9192036126373007e-06
D019,780.0,2340.0,0.0,2500.0,-250.0,0.33245525479066845,833.3333333333334,SRC_001,S1,W1,2500.0,-250.0,1.5,8.991780153067798e-06
D019,833.333333,2499.999999,0.0,2500.0,-250.0,0.45783336177161427,833.3333333333334,SRC_001,S1,W1,2500.0,-250.0,1.5,1.2382830099594686e-05
D019,840.0,2520.0,0.0,2500.0,-250.0,0.4555499083534941,833.3333333333334,SRC_001,S1,W1,2500.0,-250.0,1.5,1.2321070476819479e-05
D019,900.0,2700.0,0.0,2500.0,-250.0,0.27768997095378994,833.3333333333334,SRC_001,S1,W1,2500.0,-250.0,1.5,7.510566109416619e-06
D019,960.0,2880.0,0.0,2500.0,-250.0,0.0753018933802782,833.3333333333334,SRC_001,S1,W1,2500.0,-250.0,1.5,2.0366592515180725e-06
D019,1000.0,3000.0,0.0,2500.0,-250.0,0.02011579402674089,833.3333333333334,SRC_001,S1,W1,2500.0,-250.0,1.5,5.440635841558232e-07
D019,1020.0,3060.0,0.0,2500.0,-250.0,0.009083915108044157,833.3333333333334,SRC_001,S1,W1,2500.0,-250.0,1.5,2.456889052094984e-07
D019,1080.0,3240.0,0.0,2500.0,-250.0,0.00048748550563458435,833.3333333333334,SRC_001,S1,W1,2500.0,-250.0,1.5,1.3184819404443688e-08
D019,1140.0,3420.0,0.0,2500.0,-250.0,1.1637824869549073e-05,833.3333333333334,SRC_001,S1,W1,2500.0,-250.0,1.5,3.1476344915281937e-10
D019,1166.666667,3500.000001,0.0,2500.0,-250.0,1.7061861072749774e-06,833.3333333333334,SRC_001,S1,W1,2500.0,-250.0,1.5,4.614651191630304e-11
D019,1200.0,3600.0,0.0,2500.0,-250.0,1.235957101561072e-07,833.3333333333334,SRC_001,S1,W1,2500.0,-250.0,1.5,3.3428421947662307e-12
D020,0.0,0.0,0.0,3500.0,0.0,3.1525171551450254e-67,1166.6666666666667,SRC_001,S1,W1,3500.0,0.0,1.5,1.377002256527431e-71
D020,60.0,180.0,0.0,3500.0,0.0,1.4551450402016707e-60,1166.6666666666667,SRC_001,S1,W1,3500.0,0.0,1.5,6.355993973457765e-65
D020,120.0,360.0,0.0,3500.0,0.0,2.987972374298488e-54,1166.6666666666667,SRC_001,S1,W1,3500.0,0.0,1.5,1.305129995925864e-58
D020,166.666667,500.000001,0.0,3500.0,0.0,1.3863433976169055e-49,1166.6666666666667,SRC_001,S1,W1,3500.0,0.0,1.5,6.055472160476045e-54
D020,180.0,540.0,0.0,3500.0,0.0,2.7294072571903475e-48,1166.6666666666667,SRC_001,S1,W1,3500.0,0.0,1.5,1.192190166514909e-52
D020,240.0,720.0,0.0,3500.0,0.0,1.1091277612550281e-42,1166.6666666666667,SRC_001,S1,W1,3500.0,0.0,1.5,4.844609418010073e-47
D020,250.0,750.0,0.0,3500.0,0.0,8.822664357494678e-42,1166.6666666666667,SRC_001,S1,W1,3500.0,0.0,1.5,3.8536915521702925e-46
D020,300.0,900.0,0.0,3500.0,0.0,2.005008781961654e-37,1166.6666666666667,SRC_001,S1,W1,3500.0,0.0,1.5,8.757768732876264e-42
D020,333.333333,999.9999989999999,0.0,3500.0,0.0,1.1769108703647157e-34,1166.6666666666667,SRC_001,S1,W1,3500.0,0.0,1.5,5.140682332462433e-39
D020,360.0,1080.0,0.0,3500.0,0.0,1.6123987480502325e-32,1166.6666666666667,SRC_001,S1,W1,3500.0,0.0,1.5,7.042869571268154e-37
D020,420.0,1260.0,0.0,3500.0,0.0,5.768329961247885e-28,1166.6666666666667,SRC_001,S1,W1,3500.0,0.0,1.5,2.5195749879012864e-32
D020,480.0,1440.0,0.0,3500.0,0.0,9.180137950959213e-24,1166.6666666666667,SRC_001,S1,W1,3500.0,0.0,1.5,4.0098340632574335e-28
D020,500.0,1500.0,0.0,3500.0,0.0,1.9287498479639178e-22,1166.6666666666667,SRC_001,S1,W1,3500.0,0.0,1.5,8.424673878740796e-27
D020,540.0,1620.0,0.0,3500.0,0.0,6.499347972070893e-20,1166.6666666666667,SRC_001,S1,W1,3500.0,0.0,1.5,2.838879658082905e-24
D020,600.0,1800.0,0.0,3500.0,0.0,2.0469717131642043e-16,1166.6666666666667,SRC_001,S1,W1,3500.0,0.0,1.5,8.941060521985526e-21
D020,660.0,1980.0,0.0,3500.0,0.0,2.867975008888098e-13,1166.6666666666667,SRC_001,S1,W1,3500.0,0.0,1.5,1.2527158028174199e-17
D020,666.666667,2000.0000009999999,0.0,3500.0,0.0,6.101936906427919e-13,1166.6666666666667,SRC_001,S1,W1,3500.0,0.0,1.5,2.665292677512082e-17
D020,720.0,2160.0,0.0,3500.0,0.0,1.7875588711279812e-10,1166.6666666666667,SRC_001,S1,W1,3500.0,0.0,1.5,7.807959411740685e-15
D020,780.0,2340.0,0.0,3500.0,0.0,4.956405319172498e-08,1166.6666666666667,SRC_001,S1,W1,3500.0,0.0,1.5,2.164930743557245e-12
D020,833.333333,2499.999999,0.0,3500.0,0.0,3.726653078912355e-06,1166.6666666666667,SRC_001,S1,W1,3500.0,0.0,1.5,1.6277816888584517e-10
D020,840.0,2520.0,0.0,3500.0,0.0,6.113567966371402e-06,1166.6666666666667,SRC_001,S1,W1,3500.0,0.0,1.5,2.670373060900906e-10
D020,900.0,2700.0,0.0,3500.0,0.0,0.00033546262790251185,1166.6666666666667,SRC_001,S1,W1,3500.0,0.0,1.5,1.465282416777619e-08
D020,960.0,2880.0,0.0,3500.0,0.0,0.008188701014374083,1166.6666666666667,SRC_001,S1,W1,3500.0,0.0,1.5,3.576779830180766e-07
D020,1000.0,3000.0,0.0,3500.0,0.0,0.04393693362340742,1166.6666666666667,SRC_001,S1,W1,3500.0,0.0,1.5,1.9191412375215046e-06
D020,1020.0,3060.0,0.0,3500.0,0.0,0.08892161745938634,1166.6666666666667,SRC_001,S1,W1,3500.0,0.0,1.5,3.884047631455669e-06
D020,1080.0,3240.0,0.0,3500.0,0.0,0.42955735821073915,1166.6666666666667,SRC_001,S1,W1,3500.0,0.0,1.5,1.876283053999555e-05
D020,1140.0,3420.0,0.0,3500.0,0.0,0.9231163463866358,1166.6666666666667,SRC_001,S1,W1,3500.0,0.0,1.5,4.03212172830596e-05
D020,1166.666667,3500.000001,0.0,3500.0,0.0,1.0,1166.6666666666667,SRC_001,S1,W1,3500.0,0.0,1.5,4.36794532356505e-05
D020,1200.0,3600.0,0.0,3500.0,0.0,0.8824969025845955,1166.6666666666667,SRC_001,S1,W1,3500.0,0.0,1.5,3.854698218705025e-05
D021,0.0,0.0,0.0,3500.0,700.0,6.89610327679892e-70,1166.6666666666667,SRC_001,S1,W1,3500.0,700.0,1.5,4.433034434258032e-76
D021,60.0,180.0,0.0,3500.0,700.0,3.1831168511090323e-63,1166.6666666666667,SRC_001,S1,W1,3500.0,700.0,1.5,2.0462087127824185e-69
D021,120.0,360.0,0.0,3500.0,700.0,6.53616303015377e-57,1166.6666666666667,SRC_001,S1,W1,3500.0,700.0,1.5,4.2016534001279934e-63
D021,166.666667,500.000001,0.0,3500.0,700.0,3.032613869038465e-52,1166.6666666666667,SRC_001,S1,W1,3500.0,700.0,1.5,1.9494606109635254e-58
D021,180.0,540.0,0.0,3500.0,700.0,5.970554133007795e-51,1166.6666666666667,SRC_001,S1,W1,3500.0,700.0,1.5,3.838062018629035e-57
D021,240.0,720.0,0.0,3500.0,700.0,2.4262071266754417e-45,1166.6666666666667,SRC_001,S1,W1,3500.0,700.0,1.5,1.5596430774724437e-51
D021,250.0,750.0,0.0,3500.0,700.0,1.9299499920728317e-44,1166.6666666666667,SRC_001,S1,W1,3500.0,700.0,1.5,1.2406332138381554e-50
D021,300.0,900.0,0.0,3500.0,700.0,4.385938902419803e-40,1166.6666666666667,SRC_001,S1,W1,3500.0,700.0,1.5,2.819420968707426e-46
D021,333.333333,999.9999989999999,0.0,3500.0,700.0,2.5744820758157046e-37,1166.6666666666667,SRC_001,S1,W1,3500.0,700.0,1.5,1.6549589288878475e-43
D021,360.0,1080.0,0.0,3500.0,700.0,3.527107940329087e-35,1166.6666666666667,SRC_001,S1,W1,3500.0,700.0,1.5,2.2673371214477654e-41
D021,420.0,1260.0,0.0,3500.0,700.0,1.2618170556977972e-30,1166.6666666666667,SRC_001,S1,W1,3500.0,700.0,1.5,8.111361203741908e-37
D021,480.0,1440.0,0.0,3500.0,700.0,2.008147023141691e-26,1166.6666666666667,SRC_001,S1,W1,3500.0,700.0,1.5,1.29090075152879e-32
D021,500.0,1500.0,0.0,3500.0,700.0,4.21912316161766e-25,1166.6666666666667,SRC_001,S1,W1,3500.0,700.0,1.5,2.7121865069440533e-31
D021,540.0,1620.0,0.0,3500.0,700.0,1.4217265962885024e-22,1166.6666666666667,SRC_001,S1,W1,3500.0,700.0,1.5,9.139310570727074e-29
D021,600.0,1800.0,0.0,3500.0,700.0,4.4777324417183015e-19,1166.6666666666667,SRC_001,S1,W1,3500.0,700.0,1.5,2.878428774162096e-25
D021,660.0,1980.0,0.0,3500.0,700.0,6.273669859113173e-16,1166.6666666666667,SRC_001,S1,W1,3500.0,700.0,1.5,4.0329144443331354e-22
D021,666.666667,2000.0000009999999,0.0,3500.0,700.0,1.3347932786523423e-15,1166.6666666666667,SRC_001,S1,W1,3500.0,700.0,1.5,8.580475566237009e-22
D021,720.0,2160.0,0.0,3500.0,700.0,3.9102691538214836e-13,1166.6666666666667,SRC_001,S1,W1,3500.0,700.0,1.5,2.5136453313318176e-19
D021,780.0,2340.0,0.0,3500.0,700.0,1.0842092613804248e-10,1166.6666666666667,SRC_001,S1,W1,3500.0,700.0,1.5,6.969641834992831e-17
D021,833.333333,2499.999999,0.0,3500.0,700.0,8.152020510669664e-09,1166.6666666666667,SRC_001,S1,W1,3500.0,700.0,1.5,5.240377961588655e-15
D021,840.0,2520.0,0.0,3500.0,700.0,1.3373375626844869e-08,1166.6666666666667,SRC_001,S1,W1,3500.0,700.0,1.5,8.5968310329003e-15
D021,900.0,2700.0,0.0,3500.0,700.0,7.338215190190347e-07,1166.6666666666667,SRC_001,S1,W1,3500.0,700.0,1.5,4.717238028257811e-13
D021,960.0,2880.0,0.0,3500.0,700.0,1.7912710738398488e-05,1166.6666666666667,SRC_001,S1,W1,3500.0,700.0,1.5,1.1514859961767292e-11
D021,1000.0,3000.0,0.0,3500.0,700.0,9.61116520613947e-05,1166.6666666666667,SRC_001,S1,W1,3500.0,700.0,1.5,6.178362562449383e-11
D021,1020.0,3060.0,0.0,3500.0,700.0,0.0001945152484068638,1166.6666666666667,SRC_001,S1,W1,3500.0,700.0,1.5,1.2504058590261526e-10
D021,1080.0,3240.0,0.0,3500.0,700.0,0.0009396529058360961,1166.6666666666667,SRC_001,S1,W1,3500.0,700.0,1.5,6.040387622726571e-10
D021,1140.0,3420.0,0.0,3500.0,700.0,0.0020193088087702015,1166.6666666666667,SRC_001,S1,W1,3500.0,700.0,1.5,1.2980759021976415e-09
D021,1166.666667,3500.000001,0.0,3500.0,700.0,0.002187491118182885,1166.6666666666667,SRC_001,S1,W1,3500.0,700.0,1.5,1.4061888377112093e-09
D021,1200.0,3600.0,0.0,3500.0,700.0,0.0019304541362277093,1166.6666666666667,SRC_001,S1,W1,3500.0,700.0,1.5,1.2409572937291746e-09
D022,0.0,0.0,0.0,3500.0,-700.0,6.89610327679892e-70,1166.6666666666667,SRC_001,S1,W1,3500.0,-700.0,1.5,4.433034434258032e-76
D022,60.0,180.0,0.0,3500.0,-700.0,3.1831168511090323e-63,1166.6666666666667,SRC_001,S1,W1,3500.0,-700.0,1.5,2.0462087127824185e-69
D022,120.0,360.0,0.0,3500.0,-700.0,6.53616303015377e-57,1166.6666666666667,SRC_001,S1,W1,3500.0,-700.0,1.5,4.2016534001279934e-63
D022,166.666667,500.000001,0.0,3500.0,-700.0,3.032613869038465e-52,1166.6666666666667,SRC_001,S1,W1,3500.0,-700.0,1.5,1.9494606109635254e-58
D022,180.0,540.0,0.0,3500.0,-700.0,5.970554133007795e-51,1166.6666666666667,SRC_001,S1,W1,3500.0,-700.0,1.5,3.838062018629035e-57
D022,240.0,720.0,0.0,3500.0,-700.0,2.4262071266754417e-45,1166.6666666666667,SRC_001,S1,W1,3500.0,-700.0,1.5,1.5596430774724437e-51
D022,250.0,750.0,0.0,3500.0,-700.0,1.9299499920728317e-44,1166.6666666666667,SRC_001,S1,W1,3500.0,-700.0,1.5,1.2406332138381554e-50
D022,300.0,900.0,0.0,3500.0,-700.0,4.385938902419803e-40,1166.6666666666667,SRC_001,S1,W1,3500.0,-700.0,1.5,2.819420968707426e-46
D022,333.333333,999.9999989999999,0.0,3500.0,-700.0,2.5744820758157046e-37,1166.6666666666667,SRC_001,S1,W1,3500.0,-700.0,1.5,1.6549589288878475e-43
D022,360.0,1080.0,0.0,3500.0,-700.0,3.527107940329087e-35,1166.6666666666667,SRC_001,S1,W1,3500.0,-700.0,1.5,2.2673371214477654e-41
D022,420.0,1260.0,0.0,3500.0,-700.0,1.2618170556977972e-30,1166.6666666666667,SRC_001,S1,W1,3500.0,-700.0,1.5,8.111361203741908e-37
D022,480.0,1440.0,0.0,3500.0,-700.0,2.008147023141691e-26,1166.6666666666667,SRC_001,S1,W1,3500.0,-700.0,1.5,1.29090075152879e-32
D022,500.0,1500.0,0.0,3500.0,-700.0,4.21912316161766e-25,1166.6666666666667,SRC_001,S1,W1,3500.0,-700.0,1.5,2.7121865069440533e-31
D022,540.0,1620.0,0.0,3500.0,-700.0,1.4217265962885024e-22,1166.6666666666667,SRC_001,S1,W1,3500.0,-700.0,1.5,9.139310570727074e-29
D022,600.0,1800.0,0.0,3500.0,-700.0,4.4777324417183015e-19,1166.6666666666667,SRC_001,S1,W1,3500.0,-700.0,1.5,2.878428774162096e-25
D022,660.0,1980.0,0.0,3500.0,-700.0,6.273669859113173e-16,1166.6666666666667,SRC_001,S1,W1,3500.0,-700.0,1.5,4.0329144443331354e-22
D022,666.666667,2000.0000009999999,0.0,3500.0,-700.0,1.3347932786523423e-15,1166.6666666666667,SRC_001,S1,W1,3500.0,-700.0,1.5,8.580475566237009e-22
D022,720.0,2160.0,0.0,3500.0,-700.0,3.9102691538214836e-13,1166.6666666666667,SRC_001,S1,W1,3500.0,-700.0,1.5,2.5136453313318176e-19
D022,780.0,2340.0,0.0,3500.0,-700.0,1.0842092613804248e-10,1166.6666666666667,SRC_001,S1,W1,3500.0,-700.0,1.5,6.969641834992831e-17
D022,833.333333,2499.999999,0.0,3500.0,-700.0,8.152020510669664e-09,1166.6666666666667,SRC_001,S1,W1,3500.0,-700.0,1.5,5.240377961588655e-15
D022,840.0,2520.0,0.0,3500.0,-700.0,1.3373375626844869e-08,1166.6666666666667,SRC_001,S1,W1,3500.0,-700.0,1.5,8.5968310329003e-15
D022,900.0,2700.0,0.0,3500.0,-700.0,7.338215190190347e-07,1166.6666666666667,SRC_001,S1,W1,3500.0,-700.0,1.5,4.717238028257811e-13
D022,960.0,2880.0,0.0,3500.0,-700.0,1.7912710738398488e-05,1166.6666666666667,SRC_001,S1,W1,3500.0,-700.0,1.5,1.1514859961767292e-11
D022,1000.0,3000.0,0.0,3500.0,-700.0,9.61116520613947e-05,1166.6666666666667,SRC_001,S1,W1,3500.0,-700.0,1.5,6.178362562449383e-11
D022,1020.0,3060.0,0.0,3500.0,-700.0,0.0001945152484068638,1166.6666666666667,SRC_001,S1,W1,3500.0,-700.0,1.5,1.2504058590261526e-10
D022,1080.0,3240.0,0.0,3500.0,-700.0,0.0009396529058360961,1166.6666666666667,SRC_001,S1,W1,3500.0,-700.0,1.5,6.040387622726571e-10
D022,1140.0,3420.0,0.0,3500.0,-700.0,0.0020193088087702015,1166.6666666666667,SRC_001,S1,W1,3500.0,-700.0,1.5,1.2980759021976415e-09
D022,1166.666667,3500.000001,0.0,3500.0,-700.0,0.002187491118182885,1166.6666666666667,SRC_001,S1,W1,3500.0,-700.0,1.5,1.4061888377112093e-09
D022,1200.0,3600.0,0.0,3500.0,-700.0,0.0019304541362277093,1166.6666666666667,SRC_001,S1,W1,3500.0,-700.0,1.5,1.2409572937291746e-09
D023,0.0,0.0,0.0,750.0,150.0,0.0006671470977542673,250.0,SRC_001,S1,W1,750.0,150.0,1.5,1.1477072832309538e-08
D023,60.0,180.0,0.0,750.0,150.0,0.013003977588151687,250.0,SRC_001,S1,W1,750.0,150.0,1.5,2.237101808451706e-07
D023,120.0,360.0,0.0,750.0,150.0,0.11275927977443688,250.0,SRC_001,S1,W1,750.0,150.0,1.5,1.939821773708229e-06
D023,166.666667,500.000001,0.0,750.0,150.0,0.3455907547369167,250.0,SRC_001,S1,W1,750.0,150.0,1.5,5.945270953946895e-06
D023,180.0,540.0,0.0,750.0,150.0,0.43496052462491586,250.0,SRC_001,S1,W1,750.0,150.0,1.5,7.4827180349040115e-06
D023,240.0,720.0,0.0,750.0,150.0,0.7463952450358817,250.0,SRC_001,S1,W1,750.0,150.0,1.5,1.2840395495689684e-05
D023,250.0,750.0,0.0,750.0,150.0,0.7548396019890073,250.0,SRC_001,S1,W1,750.0,150.0,1.5,1.2985665556968943e-05
D023,300.0,900.0,0.0,750.0,150.0,0.569782824730923,250.0,SRC_001,S1,W1,750.0,150.0,1.5,9.802094620584797e-06
D023,333.333333,999.9999989999999,0.0,750.0,150.0,0.34559075473691697,250.0,SRC_001,S1,W1,750.0,150.0,1.5,5.9452709539469e-06
D023,360.0,1080.0,0.0,750.0,150.0,0.19349569786795603,250.0,SRC_001,S1,W1,750.0,150.0,1.5,3.3287474750989245e-06
D023,420.0,1260.0,0.0,750.0,150.0,0.02923174507896802,250.0,SRC_001,S1,W1,750.0,150.0,1.5,5.028799022226968e-07
D023,480.0,1440.0,0.0,750.0,150.0,0.0019645344163097033,250.0,SRC_001,S1,W1,750.0,150.0,1.5,3.3796301675391574e-08
D023,500.0,1500.0,0.0,750.0,150.0,0.0006671470977542673,250.0,SRC_001,S1,W1,750.0,150.0,1.5,1.1477072832309538e-08
D023,540.0,1620.0,0.0,750.0,150.0,5.873351735280819e-05,250.0,SRC_001,S1,W1,750.0,150.0,1.5,1.0104051394737317e-09
D023,600.0,1800.0,0.0,750.0,150.0,7.811489408304491e-07,250.0,SRC_001,S1,W1,750.0,150.0,1.5,1.3438270685687282e-11
D023,660.0,1980.0,0.0,750.0,150.0,4.621714947375887e-09,250.0,SRC_001,S1,W1,750.0,150.0,1.5,7.950834117357503e-14
D023,666.666667,2000.0000009999999,0.0,750.0,150.0,2.486225770394472e-09,250.0,SRC_001,S1,W1,750.0,150.0,1.5,4.277106854010852e-14
D023,720.0,2160.0,0.0,750.0,150.0,1.2164490780024226e-11,250.0,SRC_001,S1,W1,750.0,150.0,1.5,2.092683114717228e-16
D023,780.0,2340.0,0.0,750.0,150.0,1.4243154351632503e-14,250.0,SRC_001,S1,W1,750.0,150.0,1.5,2.4502800117962015e-19
D023,833.333333,2499.999999,0.0,750.0,150.0,1.7886240277108808e-17,250.0,SRC_001,S1,W1,750.0,150.0,1.5,3.0770078000425965e-22
D023,840.0,2520.0,0.0,750.0,150.0,7.41890649659844e-18,250.0,SRC_001,S1,W1,750.0,150.0,1.5,1.2762901987309149e-22
D023,900.0,2700.0,0.0,750.0,150.0,1.719076026990421e-21,250.0,SRC_001,S1,W1,750.0,150.0,1.5,2.957362901294309e-26
D023,960.0,2880.0,0.0,750.0,150.0,1.7720327338704848e-25,250.0,SRC_001,S1,W1,750.0,150.0,1.5,3.0484654458257444e-30
D023,1000.0,3000.0,0.0,750.0,150.0,2.484030900561122e-28,250.0,SRC_001,S1,W1,750.0,150.0,1.5,4.273330972946602e-33
D023,1020.0,3060.0,0.0,750.0,150.0,8.125869922112035e-30,250.0,SRC_001,S1,W1,750.0,150.0,1.5,1.397910614254137e-34
D023,1080.0,3240.0,0.0,750.0,150.0,1.6576371119486436e-34,250.0,SRC_001,S1,W1,750.0,150.0,1.5,2.8516682343990804e-39
D023,1140.0,3420.0,0.0,750.0,150.0,1.5042863907288733e-39,250.0,SRC_001,S1,W1,750.0,150.0,1.5,2.5878557405351303e-44
D023,1166.666667,3500.000001,0.0,750.0,150.0,6.659695994239878e-42,250.0,SRC_001,S1,W1,750.0,150.0,1.5,1.1456816079125671e-46
D023,1200.0,3600.0,0.0,750.0,150.0,6.072857090731809e-45,250.0,SRC_001,S1,W1,750.0,150.0,1.5,1.0447264683478954e-49
D024,0.0,0.0,0.0,750.0,-150.0,0.0006671470977542673,250.0,SRC_001,S1,W1,750.0,-150.0,1.5,1.1477072832309538e-08
D024,60.0,180.0,0.0,750.0,-150.0,0.013003977588151687,250.0,SRC_001,S1,W1,750.0,-150.0,1.5,2.237101808451706e-07
D024,120.0,360.0,0.0,750.0,-150.0,0.11275927977443688,250.0,SRC_001,S1,W1,750.0,-150.0,1.5,1.939821773708229e-06
D024,166.666667,500.000001,0.0,750.0,-150.0,0.3455907547369167,250.0,SRC_001,S1,W1,750.0,-150.0,1.5,5.945270953946895e-06
D024,180.0,540.0,0.0,750.0,-150.0,0.43496052462491586,250.0,SRC_001,S1,W1,750.0,-150.0,1.5,7.4827180349040115e-06
D024,240.0,720.0,0.0,750.0,-150.0,0.7463952450358817,250.0,SRC_001,S1,W1,750.0,-150.0,1.5,1.2840395495689684e-05
D024,250.0,750.0,0.0,750.0,-150.0,0.7548396019890073,250.0,SRC_001,S1,W1,750.0,-150.0,1.5,1.2985665556968943e-05
D024,300.0,900.0,0.0,750.0,-150.0,0.569782824730923,250.0,SRC_001,S1,W1,750.0,-150.0,1.5,9.802094620584797e-06
D024,333.333333,999.9999989999999,0.0,750.0,-150.0,0.34559075473691697,250.0,SRC_001,S1,W1,750.0,-150.0,1.5,5.9452709539469e-06
D024,360.0,1080.0,0.0,750.0,-150.0,0.19349569786795603,250.0,SRC_001,S1,W1,750.0,-150.0,1.5,3.3287474750989245e-06
D024,420.0,1260.0,0.0,750.0,-150.0,0.02923174507896802,250.0,SRC_001,S1,W1,750.0,-150.0,1.5,5.028799022226968e-07
D024,480.0,1440.0,0.0,750.0,-150.0,0.0019645344163097033,250.0,SRC_001,S1,W1,750.0,-150.0,1.5,3.3796301675391574e-08
D024,500.0,1500.0,0.0,750.0,-150.0,0.0006671470977542673,250.0,SRC_001,S1,W1,750.0,-150.0,1.5,1.1477072832309538e-08
D024,540.0,1620.0,0.0,750.0,-150.0,5.873351735280819e-05,250.0,SRC_001,S1,W1,750.0,-150.0,1.5,1.0104051394737317e-09
D024,600.0,1800.0,0.0,750.0,-150.0,7.811489408304491e-07,250.0,SRC_001,S1,W1,750.0,-150.0,1.5,1.3438270685687282e-11
D024,660.0,1980.0,0.0,750.0,-150.0,4.621714947375887e-09,250.0,SRC_001,S1,W1,750.0,-150.0,1.5,7.950834117357503e-14
D024,666.666667,2000.0000009999999,0.0,750.0,-150.0,2.486225770394472e-09,250.0,SRC_001,S1,W1,750.0,-150.0,1.5,4.277106854010852e-14
D024,720.0,2160.0,0.0,750.0,-150.0,1.2164490780024226e-11,250.0,SRC_001,S1,W1,750.0,-150.0,1.5,2.092683114717228e-16
D024,780.0,2340.0,0.0,750.0,-150.0,1.4243154351632503e-14,250.0,SRC_001,S1,W1,750.0,-150.0,1.5,2.4502800117962015e-19
D024,833.333333,2499.999999,0.0,750.0,-150.0,1.7886240277108808e-17,250.0,SRC_001,S1,W1,750.0,-150.0,1.5,3.0770078000425965e-22
D024,840.0,2520.0,0.0,750.0,-150.0,7.41890649659844e-18,250.0,SRC_001,S1,W1,750.0,-150.0,1.5,1.2762901987309149e-22
D024,900.0,2700.0,0.0,750.0,-150.0,1.719076026990421e-21,250.0,SRC_001,S1,W1,750.0,-150.0,1.5,2.957362901294309e-26
D024,960.0,2880.0,0.0,750.0,-150.0,1.7720327338704848e-25,250.0,SRC_001,S1,W1,750.0,-150.0,1.5,3.0484654458257444e-30
D024,1000.0,3000.0,0.0,750.0,-150.0,2.484030900561122e-28,250.0,SRC_001,S1,W1,750.0,-150.0,1.5,4.273330972946602e-33
D024,1020.0,3060.0,0.0,750.0,-150.0,8.125869922112035e-30,250.0,SRC_001,S1,W1,750.0,-150.0,1.5,1.397910614254137e-34
D024,1080.0,3240.0,0.0,750.0,-150.0,1.6576371119486436e-34,250.0,SRC_001,S1,W1,750.0,-150.0,1.5,2.8516682343990804e-39
D024,1140.0,3420.0,0.0,750.0,-150.0,1.5042863907288733e-39,250.0,SRC_001,S1,W1,750.0,-150.0,1.5,2.5878557405351303e-44
D024,1166.666667,3500.000001,0.0,750.0,-150.0,6.659695994239878e-42,250.0,SRC_001,S1,W1,750.0,-150.0,1.5,1.1456816079125671e-46
D024,1200.0,3600.0,0.0,750.0,-150.0,6.072857090731809e-45,250.0,SRC_001,S1,W1,750.0,-150.0,1.5,1.0447264683478954e-49
