sample_id,source_multiplier,wind_speed_mps,wind_dir_deg,background_mean_counts,response_error,sigma_y_multiplier,sigma_z_multiplier,Q_dot_Bq_s,response_factor,background_sigma_counts,threshold_n_sigma,x_m,y_m,run_name
1,1.201923658351058,3.137750902462718,0.9941047012118859,7355.71647661815,0.8682222957295713,0.8523341568885903,1.3249781004007113,8.333333333333334,1000000.0,84.85,3.0,1000.0,0.0,quick_check
2,0.772308628147771,2.8769596714948156,12.72074762573818,7242.751013133832,0.9817684469893001,1.6355793126250036,1.1055379158998444,8.333333333333334,1000000.0,84.85,3.0,1000.0,0.0,quick_check
3,1.1847634886705534,2.0722944004963892,-11.839189355614192,7166.701940432842,0.9573723175169367,0.8275670639400017,1.2452436089908507,8.333333333333334,1000000.0,84.85,3.0,1000.0,0.0,quick_check
4,1.0074577888467708,4.099817132524594,1.4372999669864197,7271.817886437156,0.9662683330256432,1.0012089863510096,1.5535492722226973,8.333333333333334,1000000.0,84.85,3.0,1000.0,0.0,quick_check
5,1.220513068167854,2.8462183067410503,16.20328899980423,7197.656124613998,0.9428431308613564,0.8340930570234176,1.1223604952135575,8.333333333333334,1000000.0,84.85,3.0,1000.0,0.0,quick_check
6,0.8451209017479376,2.065873520262118,15.446099870622687,7179.749597714755,1.0752663630140988,1.2549901703070658,0.9398132038061506,8.333333333333334,1000000.0,84.85,3.0,1000.0,0.0,quick_check
7,0.46386320665831304,4.093720928767499,6.778794832781926,7040.775108317485,0.8792340315617592,1.497976117010546,1.0263894005574274,8.333333333333334,1000000.0,84.85,3.0,1000.0,0.0,quick_check
8,0.642199417576922,2.7803394479354635,4.188471624619098,7365.183771529775,1.0110272030212475,0.9500493261415076,1.0823370113637718,8.333333333333334,1000000.0,84.85,3.0,1000.0,0.0,quick_check
9,1.288771161098418,2.504061922040932,-0.9618183541325237,7404.156063677431,1.1274638551397993,1.1619493275215234,1.4115439798721112,8.333333333333334,1000000.0,84.85,3.0,1000.0,0.0,quick_check
10,1.9830660627634542,2.6133313507395783,-1.1707635527083684,7246.04570867049,1.0567281524905754,0.8253967225452077,0.8032347952602776,8.333333333333334,1000000.0,84.85,3.0,1000.0,0.0,quick_check
11,0.6750684999700393,1.853265435896791,-13.382924571606583,7078.990787361382,1.0234248899871197,1.076297124798284,0.7564745784445335,8.333333333333334,1000000.0,84.85,3.0,1000.0,0.0,quick_check
12,0.5775208859498445,3.616769403024992,2.9090343882966403,7338.910583746196,0.8801180665023479,0.9335310003538282,1.4678549698434404,8.333333333333334,1000000.0,84.85,3.0,1000.0,0.0,quick_check
13,0.7982670641408585,3.203593797081606,0.33756933587797794,7223.4457093955625,1.0439538895592846,0.7128348783372633,0.6416720026068102,8.333333333333334,1000000.0,84.85,3.0,1000.0,0.0,quick_check
14,0.9452687972466612,2.084380665400012,-5.920399086865632,7098.655943623579,1.0150164284702083,1.0375028597667233,1.2880960633439444,8.333333333333334,1000000.0,84.85,3.0,1000.0,0.0,quick_check
15,1.277358110976858,3.434176189539298,-14.197823854348965,7239.611016468089,1.026761992479125,0.9043460062188049,1.0445431575923776,8.333333333333334,1000000.0,84.85,3.0,1000.0,0.0,quick_check
16,1.3130832412414488,3.2249852462138078,-9.813627043092767,7259.60841618747,1.0085188005313315,1.0528795191193843,1.2665671900939393,8.333333333333334,1000000.0,84.85,3.0,1000.0,0.0,quick_check
17,0.5775178157414699,2.713819786495441,18.043332714930244,7217.511789793392,0.9272036960449193,0.9202019591153148,0.8008928235317748,8.333333333333334,1000000.0,84.85,3.0,1000.0,0.0,quick_check
18,0.652866182456781,3.8330474360029543,-6.437984606767793,7135.841289653861,0.9607472320262394,0.9205834062320197,1.233206679281894,8.333333333333334,1000000.0,84.85,3.0,1000.0,0.0,quick_check
19,1.0000452904315398,2.8085060924564114,-8.499893089894389,7361.78502991627,1.067433463531193,1.028893787811404,0.9264818808557606,8.333333333333334,1000000.0,84.85,3.0,1000.0,0.0,quick_check
20,0.8800296049405142,3.1942594702759943,-1.642273622191108,7090.712924166092,1.1245193862792209,0.9421878011080439,1.2099057577272265,8.333333333333334,1000000.0,84.85,3.0,1000.0,0.0,quick_check
21,3.2848778522514923,3.4341041538771657,2.277608117418676,7210.4995341409385,1.003357453076721,1.4346088983382237,1.416683614434704,8.333333333333334,1000000.0,84.85,3.0,1000.0,0.0,quick_check
22,1.755391538249556,3.1941143657439004,5.760204562897005,7187.417597308321,1.0315588614067106,1.0027252079945594,1.3564659019841294,8.333333333333334,1000000.0,84.85,3.0,1000.0,0.0,quick_check
23,0.8877188606061917,3.586412430664156,-8.65888493112741,7395.930470775254,0.9114452640555298,1.1131102493864187,1.2401657340822974,8.333333333333334,1000000.0,84.85,3.0,1000.0,0.0,quick_check
24,1.5925730496850026,1.7823123225663462,11.739506355420875,7338.615631010342,0.8470703325184421,0.9688614015422831,1.3362474078217916,8.333333333333334,1000000.0,84.85,3.0,1000.0,0.0,quick_check
25,1.3072689663215669,2.841948661294158,2.9586367630395904,7492.164586470073,0.9999437877803513,1.4010230935813384,1.2496987602461997,8.333333333333334,1000000.0,84.85,3.0,1000.0,0.0,quick_check
26,1.524174089438876,3.360952559112336,-4.177103564085846,7164.48880507379,0.9358349348528452,1.1450304415449826,2.074664042876945,8.333333333333334,1000000.0,84.85,3.0,1000.0,0.0,quick_check
27,1.1429581530549582,3.16321414803493,2.4800688457114055,7302.284629975488,0.8662923108798358,1.3389973497614187,1.3097243100572038,8.333333333333334,1000000.0,84.85,3.0,1000.0,0.0,quick_check
28,1.6291831394692822,4.656545558401153,6.33630554182171,6973.062059685073,1.1166218328109139,1.6057373071885879,0.8160970230386071,8.333333333333334,1000000.0,84.85,3.0,1000.0,0.0,quick_check
29,1.2505519314686018,2.7632297395252023,-3.6425045910753804,7352.284143526669,1.0023165452748535,0.9324515580417659,1.0656700630400469,8.333333333333334,1000000.0,84.85,3.0,1000.0,0.0,quick_check
30,0.9619957168977415,3.2577722210148483,2.3367585058425795,7380.857907949307,0.9292538300452102,1.4002978932585095,1.151006119732728,8.333333333333334,1000000.0,84.85,3.0,1000.0,0.0,quick_check
31,1.264619449554433,1.5501498576651,-11.525866915541155,7103.354213722452,1.0652434559971353,1.5669948812173446,1.2641081470854976,8.333333333333334,1000000.0,84.85,3.0,1000.0,0.0,quick_check
32,0.7667973325585353,2.022535030994996,11.28756197288141,7151.198548474843,0.9586186848168393,0.9325257409787241,1.1838238158406493,8.333333333333334,1000000.0,84.85,3.0,1000.0,0.0,quick_check
33,1.0550008739993226,3.570043316031894,-2.0072768518179664,7408.520765255815,0.9825488513698653,1.196329375757722,0.7884510270495347,8.333333333333334,1000000.0,84.85,3.0,1000.0,0.0,quick_check
34,1.263174577779443,3.8162395996766234,2.1315571913577207,7178.944340187281,0.9004855306638992,0.974395461707909,1.0097906712663727,8.333333333333334,1000000.0,84.85,3.0,1000.0,0.0,quick_check
35,0.3867522524968007,3.490942347017829,-7.5194895704407605,7178.069183500166,0.9764834405855667,1.411655390379641,1.1070492747177818,8.333333333333334,1000000.0,84.85,3.0,1000.0,0.0,quick_check
36,0.7124997273463209,2.9962764250966343,-7.280572525969662,7361.011654142121,0.8364245026405854,1.4464340127358521,0.8827267934133431,8.333333333333334,1000000.0,84.85,3.0,1000.0,0.0,quick_check
37,0.9980217954626588,2.8905573302626557,-1.562062052155016,7075.600429177078,0.9701308643863176,0.7086042607061451,1.268097911103181,8.333333333333334,1000000.0,84.85,3.0,1000.0,0.0,quick_check
38,1.481510229110041,3.071544999182391,-2.9904757080725557,7255.941680860856,1.016887332684305,0.7275655170299888,0.8516606043613498,8.333333333333334,1000000.0,84.85,3.0,1000.0,0.0,quick_check
39,1.8522526256425675,4.122985631250099,-11.064644687201579,7345.317599128937,0.8635005947665764,1.8690895635978892,0.6609858431852212,8.333333333333334,1000000.0,84.85,3.0,1000.0,0.0,quick_check
40,1.5028612411881863,3.1345082103807496,0.13545801949664618,7303.6274008257715,0.867346870867464,0.7018292073138392,0.8719018934563862,8.333333333333334,1000000.0,84.85,3.0,1000.0,0.0,quick_check
41,0.6973165877773723,4.828075784557149,0.8413981686652503,7338.115816402482,0.9501371269896702,0.8175806248145663,1.1480781986448576,8.333333333333334,1000000.0,84.85,3.0,1000.0,0.0,quick_check
42,0.9875436184359266,3.1158770250712835,-2.2285778733685198,7500.821692423339,0.977172173028666,0.9393858866666649,1.372945420555711,8.333333333333334,1000000.0,84.85,3.0,1000.0,0.0,quick_check
43,0.4914390336200624,3.5234719419854077,18.24300062522028,7112.229843676421,0.8987019568366718,0.777637547988572,1.2581229874901607,8.333333333333334,1000000.0,84.85,3.0,1000.0,0.0,quick_check
44,1.8657490487544977,2.537072029487828,0.1567262909971882,6990.560247057417,1.087629661241571,1.0654474354970875,1.085683079946809,8.333333333333334,1000000.0,84.85,3.0,1000.0,0.0,quick_check
45,1.4494103485267176,3.6527935065715154,1.5526240281432049,7216.226564289116,0.9603293846825319,0.9786245639873733,1.0350541186665347,8.333333333333334,1000000.0,84.85,3.0,1000.0,0.0,quick_check
46,0.6243328421253164,2.74444278202762,8.58750818575454,7093.3407554029045,1.0927680587343986,1.519458412859355,1.6772292991286148,8.333333333333334,1000000.0,84.85,3.0,1000.0,0.0,quick_check
47,1.0729824443420732,3.012418274844836,-9.813796461911803,7189.629035318542,0.9194213742367521,1.1035524118447,1.198896354952241,8.333333333333334,1000000.0,84.85,3.0,1000.0,0.0,quick_check
48,0.6840903341276849,3.918519282966934,-7.964676308512112,7046.858597593728,1.037845641490347,1.3820084755590962,0.9982867742398722,8.333333333333334,1000000.0,84.85,3.0,1000.0,0.0,quick_check
49,1.0274426893829096,2.403086057782954,11.543336428078845,7160.333442777535,1.0248341866702122,0.677707896044141,0.9838932979386273,8.333333333333334,1000000.0,84.85,3.0,1000.0,0.0,quick_check
50,1.8414879009196956,2.1679256484105416,1.9268680077408418,7382.390082476579,0.8415155703519215,1.9429291006963385,0.8042321725330436,8.333333333333334,1000000.0,84.85,3.0,1000.0,0.0,quick_check
51,0.515865495539033,1.1331470230501228,21.631310244727416,7170.32462231691,1.0323591649594588,1.3780172034677174,0.6407963575526999,8.333333333333334,1000000.0,84.85,3.0,1000.0,0.0,quick_check
52,1.4941134629355608,2.7994191867496325,3.8355193112989405,7287.444141115553,1.0099760794955708,0.8204705463131576,1.7879862035375755,8.333333333333334,1000000.0,84.85,3.0,1000.0,0.0,quick_check
53,0.8010658195156211,1.9410198320593877,-4.311330543599563,7149.076748344422,1.1572399664845392,1.8131630123147244,1.144259502169794,8.333333333333334,1000000.0,84.85,3.0,1000.0,0.0,quick_check
54,0.7493192178908031,3.607822238087635,3.5859107866808855,7105.69486466334,1.0024398400353032,0.8734297287072774,0.9085801107519227,8.333333333333334,1000000.0,84.85,3.0,1000.0,0.0,quick_check
55,1.3871851293326747,2.672068308514391,6.320032155641215,7246.601107709937,1.0884249789171703,1.0763361775687308,0.976111330123637,8.333333333333334,1000000.0,84.85,3.0,1000.0,0.0,quick_check
56,1.4351603807586404,2.396474466256987,4.305252991790671,6936.037977858716,0.983210244554828,1.0870937005657668,1.1158894784207312,8.333333333333334,1000000.0,84.85,3.0,1000.0,0.0,quick_check
57,0.9271448185738503,1.6326251227109903,-7.716984461672086,7258.77999081073,1.0435599528719757,0.863422869857446,0.9865392511392619,8.333333333333334,1000000.0,84.85,3.0,1000.0,0.0,quick_check
58,0.8701615280890888,3.0170829105013266,9.54496186196835,7297.505409301408,0.9169714238160286,1.0809955056584055,0.7589781220800894,8.333333333333334,1000000.0,84.85,3.0,1000.0,0.0,quick_check
59,1.152208801318181,3.2465585139658595,12.635634641504447,7005.804913887729,1.1277970816006768,1.0928135538737445,1.1782210828124935,8.333333333333334,1000000.0,84.85,3.0,1000.0,0.0,quick_check
60,1.2792381109152262,2.5543484917246464,5.558293921950686,7141.434025576929,0.9290977241227278,0.8059631817928307,1.2447905734379847,8.333333333333334,1000000.0,84.85,3.0,1000.0,0.0,quick_check
61,0.6382968934366954,3.2782757737981942,-2.5767644679445874,7093.331844916107,0.9993799935352197,0.5948018440832891,1.1782574495730957,8.333333333333334,1000000.0,84.85,3.0,1000.0,0.0,quick_check
62,0.8730495775924334,3.3369092306380668,3.8784097034230767,7013.818563203578,1.1682593181456724,0.7593582797146592,0.8366182506288363,8.333333333333334,1000000.0,84.85,3.0,1000.0,0.0,quick_check
63,0.6650436994815696,3.033345805537735,4.245416280966743,7387.969576236687,0.9617989883942133,1.0758632011329983,0.8936991154093396,8.333333333333334,1000000.0,84.85,3.0,1000.0,0.0,quick_check
64,0.8491900775437743,4.035438572646497,1.6544112614793645,7274.113053328137,0.9639869999711075,1.0999664819266004,1.2720315752455098,8.333333333333334,1000000.0,84.85,3.0,1000.0,0.0,quick_check
65,0.9436890719599969,2.7117466023477816,-7.95593753088367,7218.563998817282,0.836842231185321,0.9588730632358798,0.8601617434665917,8.333333333333334,1000000.0,84.85,3.0,1000.0,0.0,quick_check
66,1.6272278882086473,3.2944757714029813,0.5915041817920687,7043.022754927087,1.0113547243078167,0.9900648350918462,0.8840497230315674,8.333333333333334,1000000.0,84.85,3.0,1000.0,0.0,quick_check
67,1.9299146464180605,3.0530252556395623,4.38049419854255,7156.505390155971,1.0327010194456838,0.8807248670224724,0.8912922957387713,8.333333333333334,1000000.0,84.85,3.0,1000.0,0.0,quick_check
68,0.6053804399255478,3.5497638592158145,-3.9774514296726764,7036.957910151863,0.8733029180562952,1.116271943601873,0.6528204920759464,8.333333333333334,1000000.0,84.85,3.0,1000.0,0.0,quick_check
69,1.4461565643590337,2.5371284532422025,-7.0411232952732306,7153.179957138422,1.085085377832621,1.6566034321377265,0.6037620851751179,8.333333333333334,1000000.0,84.85,3.0,1000.0,0.0,quick_check
70,1.0145905486971218,4.020606670217093,-0.40021519054936394,7161.002839436636,0.9421825071153931,1.0482200479058958,1.6837745475080128,8.333333333333334,1000000.0,84.85,3.0,1000.0,0.0,quick_check
71,2.1714695970612317,3.0413638006594974,-6.4782480170274725,7046.017609172114,1.0488074981415894,0.806734072589955,1.2935806660209077,8.333333333333334,1000000.0,84.85,3.0,1000.0,0.0,quick_check
72,0.9049175130146931,3.525147428586963,10.147038714244072,7236.448414058425,0.9851077628631887,0.846089109592024,1.0460294255658182,8.333333333333334,1000000.0,84.85,3.0,1000.0,0.0,quick_check
73,0.7181054177555422,2.7023638425171703,4.2012309334507405,7290.944891231366,1.1051282216933709,0.9616034880790909,1.3985664148441792,8.333333333333334,1000000.0,84.85,3.0,1000.0,0.0,quick_check
74,0.7764844394670524,2.6360493374470195,-4.778976152945668,7141.296272347031,0.9458861202385306,0.9023897168985522,0.9149411375477922,8.333333333333334,1000000.0,84.85,3.0,1000.0,0.0,quick_check
75,1.0321889921150311,3.196730837356924,3.2032495634066507,7052.673638166567,0.9123124132928493,0.9670876146314057,0.730341069352684,8.333333333333334,1000000.0,84.85,3.0,1000.0,0.0,quick_check
76,0.5504602057831961,2.388124544881503,-10.916284901328858,7125.626001213226,0.986483388561676,0.754752084864523,1.1982180735708265,8.333333333333334,1000000.0,84.85,3.0,1000.0,0.0,quick_check
77,0.843090536510798,3.9961690922738944,7.5853000686659575,7197.978923216011,1.0152034865403758,0.9573244292210603,0.8657931450976942,8.333333333333334,1000000.0,84.85,3.0,1000.0,0.0,quick_check
78,0.38195907039386945,3.2240605056561913,-5.824693741240906,7436.724510170862,1.1200814615063641,0.6697203146419826,0.740706392907807,8.333333333333334,1000000.0,84.85,3.0,1000.0,0.0,quick_check
79,0.7765935883274114,2.0602423317561183,16.16185834045131,7286.176710471825,1.0147219869208335,1.6507752423467343,0.4462193418662258,8.333333333333334,1000000.0,84.85,3.0,1000.0,0.0,quick_check
80,1.1005380971346346,3.783134701269982,-0.829434859655334,7118.2899841645,0.9334435415616885,1.0424972159412844,0.7602099258758447,8.333333333333334,1000000.0,84.85,3.0,1000.0,0.0,quick_check
81,1.0973046130367192,2.8711567890935967,0.028033819294296894,7242.900068787472,1.2558083376939415,1.1567197483074998,0.9363427497475797,8.333333333333334,1000000.0,84.85,3.0,1000.0,0.0,quick_check
82,0.4959177420321575,2.4722081233590414,-4.827130175775692,7215.828531358909,1.0607630212036958,1.3093101645737595,1.0778925905503367,8.333333333333334,1000000.0,84.85,3.0,1000.0,0.0,quick_check
83,1.012289016128848,2.108084008840486,11.778275545707732,7111.738272731802,0.9954243020562735,0.9574310354459579,0.6638160999446232,8.333333333333334,1000000.0,84.85,3.0,1000.0,0.0,quick_check
84,2.1036445118858667,3.850594165698989,13.560888864423257,7126.354744204721,0.9217199846773076,1.124004375027395,1.0264570141830929,8.333333333333334,1000000.0,84.85,3.0,1000.0,0.0,quick_check
85,0.7489406371582302,2.814183759490501,-0.8751048083646424,7268.535859734263,1.0200750793795224,1.0890598719931166,0.7702865502902966,8.333333333333334,1000000.0,84.85,3.0,1000.0,0.0,quick_check
86,1.3569284109193875,2.9324635123943352,-15.822824603053515,7229.677021836689,0.9795222082311486,0.78182640079188,1.2966903695869672,8.333333333333334,1000000.0,84.85,3.0,1000.0,0.0,quick_check
87,1.3034181024838265,3.5734754095613432,5.734565359518495,7372.417264970014,0.9307224751391742,1.1071115397344484,1.4363506498517005,8.333333333333334,1000000.0,84.85,3.0,1000.0,0.0,quick_check
88,0.906687970813027,3.613121302879369,7.438161541446259,7342.744332074955,1.026592928513434,0.7203266470469494,0.922976189720696,8.333333333333334,1000000.0,84.85,3.0,1000.0,0.0,quick_check
89,2.1900153355872645,1.1025254834256706,-1.305582191667999,7054.969217153633,1.0674491198499068,0.849679520790515,0.8549492666005462,8.333333333333334,1000000.0,84.85,3.0,1000.0,0.0,quick_check
90,1.0418801987687845,3.3126427128441023,-9.52670862242863,7104.882766538868,1.019625304493768,0.6470211434712361,0.9052857184529465,8.333333333333334,1000000.0,84.85,3.0,1000.0,0.0,quick_check
91,0.99835783562525,2.881120785710338,3.6068087429430475,7288.460036414265,0.8938957998675847,1.4893814444035154,0.7438508292069583,8.333333333333334,1000000.0,84.85,3.0,1000.0,0.0,quick_check
92,0.9035362276821497,2.666540484169962,-0.061199541918980596,7158.688285236656,1.0591052494841477,0.8682325120281998,0.9870749271597397,8.333333333333334,1000000.0,84.85,3.0,1000.0,0.0,quick_check
93,0.9809377428315808,4.239306292875126,-20.28670744780655,7192.554173754917,0.9131580848224214,0.806235150848617,1.0377836360981116,8.333333333333334,1000000.0,84.85,3.0,1000.0,0.0,quick_check
94,3.3065655258914495,3.3885892259043797,-4.416617935675858,7110.97112143618,1.0443626389630425,1.0966014133113584,1.1378131845819737,8.333333333333334,1000000.0,84.85,3.0,1000.0,0.0,quick_check
95,0.5907020825258086,3.8780871305080296,-9.352790092335905,7148.7513550543135,0.8378127507081096,0.9556074277282949,1.1784803323363884,8.333333333333334,1000000.0,84.85,3.0,1000.0,0.0,quick_check
96,0.5617778020841075,3.027697567214518,8.72711765645218,7299.155374558418,1.0157094276236356,1.1245788248844728,1.0460057873937247,8.333333333333334,1000000.0,84.85,3.0,1000.0,0.0,quick_check
97,4.596891837560073,1.4435321318309762,-14.71323104924835,7231.192993198202,1.0478908118560093,0.9225225993928637,1.4078965255739924,8.333333333333334,1000000.0,84.85,3.0,1000.0,0.0,quick_check
98,1.5400951721643847,3.5862350528039593,3.9616561000776374,7278.01734931297,1.0967789602737839,0.9992192522383162,0.5703236666539468,8.333333333333334,1000000.0,84.85,3.0,1000.0,0.0,quick_check
99,1.11526883317744,3.5472285039155818,-10.315045439459698,7316.049740647223,0.9441508865170227,0.7913809204456999,1.0546994426098404,8.333333333333334,1000000.0,84.85,3.0,1000.0,0.0,quick_check
100,1.9057133254495153,3.027754767158391,-5.624900345234316,7041.281154889059,1.0027196269091072,1.2194698218903646,1.0272439471144252,8.333333333333334,1000000.0,84.85,3.0,1000.0,0.0,quick_check
101,1.612761234687871,2.996624526031314,5.861114149723918,7228.260608044046,1.0262278526834328,1.2874701281028915,0.7358345949428798,8.333333333333334,1000000.0,84.85,3.0,1000.0,0.0,quick_check
102,1.199987691254379,2.710368367348265,-9.508024100439311,7223.857263685341,1.0608009311934357,1.280730360713724,0.8674772224640476,8.333333333333334,1000000.0,84.85,3.0,1000.0,0.0,quick_check
103,1.4216489054364938,2.755724858523986,-17.111734294772603,7265.926127273035,0.9584463710948414,1.4962769428168365,1.0608787777302613,8.333333333333334,1000000.0,84.85,3.0,1000.0,0.0,quick_check
104,0.7199080738181383,2.0824880816928504,1.4600741704679479,7323.143450184457,1.0727458388920077,0.9665429699474071,0.9469351862572694,8.333333333333334,1000000.0,84.85,3.0,1000.0,0.0,quick_check
105,0.5530908321680154,3.014827310083491,-12.81779184926153,7196.874258345141,0.9843093400105164,1.1312488753085341,1.1995164602089126,8.333333333333334,1000000.0,84.85,3.0,1000.0,0.0,quick_check
106,1.456183783044555,2.8364420054630126,-3.075956368128521,7064.330969442977,0.9152499227763131,0.7367855160153375,0.8815479571306217,8.333333333333334,1000000.0,84.85,3.0,1000.0,0.0,quick_check
107,0.5046562397418055,3.110868287221834,-1.2644505884769586,7305.321627731668,1.0314727189987263,1.1196465438841254,0.8408254693969457,8.333333333333334,1000000.0,84.85,3.0,1000.0,0.0,quick_check
108,2.1461804694083986,2.6686385090155675,9.558627076952803,7019.488960771603,0.8789905160375977,1.0339198951162702,0.8037513392938052,8.333333333333334,1000000.0,84.85,3.0,1000.0,0.0,quick_check
109,1.3067531131965173,3.6003985798690294,7.674980510591192,7109.079152013798,0.9381465760850214,0.6194524891256986,0.7279712658681297,8.333333333333334,1000000.0,84.85,3.0,1000.0,0.0,quick_check
110,0.6201443388157873,3.416127846370906,-16.76518357167867,7015.606405979616,1.0628620307026966,1.0774051073435627,1.1607602450643972,8.333333333333334,1000000.0,84.85,3.0,1000.0,0.0,quick_check
111,1.0268765925174421,3.185103808838267,6.371144025994459,7367.013569143718,0.9767367620384906,1.3977756639489898,0.9687852277527436,8.333333333333334,1000000.0,84.85,3.0,1000.0,0.0,quick_check
112,1.0923359109054278,2.647094922554877,4.551064973521082,6902.104715178276,1.2407023498837715,1.225368336539218,1.2815508694643523,8.333333333333334,1000000.0,84.85,3.0,1000.0,0.0,quick_check
113,0.7645343751320137,4.098963413816694,-19.10902612681696,7277.272184156831,0.9948853296394172,0.8820056060409968,0.7911399303905883,8.333333333333334,1000000.0,84.85,3.0,1000.0,0.0,quick_check
114,0.9134386374156789,3.594847732453863,-3.4562003897517406,7105.173125636453,1.084590775821603,1.4700371366660625,1.219396994455557,8.333333333333334,1000000.0,84.85,3.0,1000.0,0.0,quick_check
115,1.5350290831936255,2.574185551281661,1.563533860626052,7220.758983542142,0.9227315159870594,1.07765392228417,0.9727355177327843,8.333333333333334,1000000.0,84.85,3.0,1000.0,0.0,quick_check
116,0.713283690414687,2.3504623762726133,6.943581200490467,7073.722683452408,1.0533515298188803,1.0112260544288703,0.8539749721253886,8.333333333333334,1000000.0,84.85,3.0,1000.0,0.0,quick_check
117,1.3674564795300468,3.210459874570781,-2.4137349162095716,7243.448844937582,0.9813985774898102,1.0130846976762367,1.4099912374740697,8.333333333333334,1000000.0,84.85,3.0,1000.0,0.0,quick_check
118,0.8093997825736461,3.6696419833860325,-4.402567073713353,7044.998987434011,0.9800489972053812,1.1094267832993123,0.8499231052596464,8.333333333333334,1000000.0,84.85,3.0,1000.0,0.0,quick_check
119,1.5095864962359296,1.6155930986111433,-3.1352800557276805,7153.432319610594,1.125350309356325,0.9557805102370991,1.8947344366816032,8.333333333333334,1000000.0,84.85,3.0,1000.0,0.0,quick_check
120,0.9643109021591638,3.063844177318831,-5.568077041971883,7182.827398597631,0.9292845686135786,0.9091140273699453,1.0071954113363528,8.333333333333334,1000000.0,84.85,3.0,1000.0,0.0,quick_check
121,1.352810475803316,3.1486306900205445,11.875670863406057,7362.124133633257,0.926569495090649,0.6691759099357556,0.9709911450352389,8.333333333333334,1000000.0,84.85,3.0,1000.0,0.0,quick_check
122,0.846293348528293,2.66766185781535,-5.903147162754635,7342.761678810333,1.0538643557033205,0.9934085472917888,0.8737942049688585,8.333333333333334,1000000.0,84.85,3.0,1000.0,0.0,quick_check
123,1.5320216837253824,4.048072507441306,-10.579047709437868,7421.69600122061,1.1127615991120716,0.9175809182391851,0.7297922246011609,8.333333333333334,1000000.0,84.85,3.0,1000.0,0.0,quick_check
124,0.5785719564279236,3.503710918715197,0.2924026054806179,7050.804165696274,0.9641754092911712,1.0379739500978322,1.0902586251907693,8.333333333333334,1000000.0,84.85,3.0,1000.0,0.0,quick_check
125,0.8373584809342036,2.3651794123710568,10.62883997061132,7113.8295888419925,0.9838654057321511,0.8793230281832748,0.8201450155013429,8.333333333333334,1000000.0,84.85,3.0,1000.0,0.0,quick_check
126,1.6519151755242967,3.730296093268882,-1.6530449042580566,7148.213003819266,1.0405187835852858,0.8772148990961749,0.7941468743556388,8.333333333333334,1000000.0,84.85,3.0,1000.0,0.0,quick_check
127,1.1823492341918345,3.8292991648538424,2.83421685657081,7209.070145999086,1.0394623938937606,0.9272249508150624,0.9047742227321665,8.333333333333334,1000000.0,84.85,3.0,1000.0,0.0,quick_check
128,0.6678490053053459,4.480743090523091,-2.936847398333871,7227.972909696352,0.8855073215803559,1.3573740299628787,1.0186181830554513,8.333333333333334,1000000.0,84.85,3.0,1000.0,0.0,quick_check
129,1.753385497957625,2.421298683427722,-7.236098478957491,7269.872475136352,1.0111031989468238,0.808346420750121,1.117289891410743,8.333333333333334,1000000.0,84.85,3.0,1000.0,0.0,quick_check
130,0.6283329567915001,2.8480083938224707,0.19708727162777304,7256.407083806526,0.9963053976786767,1.0502282548958106,0.8162663216063007,8.333333333333334,1000000.0,84.85,3.0,1000.0,0.0,quick_check
131,1.3516609074021293,3.37984652757171,14.38049894501415,7189.268549094129,1.2917547562086145,0.8313110465864048,0.8238069488482168,8.333333333333334,1000000.0,84.85,3.0,1000.0,0.0,quick_check
132,2.0393979603914523,2.1946319269017978,-10.966214072500794,7315.465134928121,1.0065848537314896,1.2323796095529753,1.2943463671627042,8.333333333333334,1000000.0,84.85,3.0,1000.0,0.0,quick_check
133,1.2268447737233417,3.6764156944101365,0.12923001042740517,7104.762225653585,0.8366465918915581,0.8176440095025134,0.9932290857560262,8.333333333333334,1000000.0,84.85,3.0,1000.0,0.0,quick_check
134,1.0591423021076838,2.895109539673989,5.299267506339611,7152.46472221076,0.8999267977557451,1.0945939197372696,0.6901402218443724,8.333333333333334,1000000.0,84.85,3.0,1000.0,0.0,quick_check
135,0.68380816744693,3.4933434871835742,-1.148803128206164,7273.778589785798,0.9153829119846275,1.2981575925359659,0.50547317801617,8.333333333333334,1000000.0,84.85,3.0,1000.0,0.0,quick_check
136,1.2955370634655703,2.7971146888975476,-10.030232954389948,7276.078241581826,0.9041955170385788,0.58823352781434,0.912243437218287,8.333333333333334,1000000.0,84.85,3.0,1000.0,0.0,quick_check
137,1.2474532900802129,4.04108971656378,2.1336260963031743,7322.451764982069,0.9720001794964656,0.8989456201444213,0.8752498965310097,8.333333333333334,1000000.0,84.85,3.0,1000.0,0.0,quick_check
138,0.9821002571864655,2.996934765059121,1.2101068639322345,7311.861253447522,1.2741390622718307,1.0413495816893614,0.6421807578601335,8.333333333333334,1000000.0,84.85,3.0,1000.0,0.0,quick_check
139,1.6157287984186148,3.68783059725729,-4.91399686883105,7207.717429253703,0.9403572700769639,0.8895193773571018,1.2323428783082313,8.333333333333334,1000000.0,84.85,3.0,1000.0,0.0,quick_check
140,0.7093985297041845,2.051237185624392,9.041358194855619,7231.985364949272,0.8606050079861854,1.2112966539319991,0.6152298992914539,8.333333333333334,1000000.0,84.85,3.0,1000.0,0.0,quick_check
141,0.7965888313541613,1.4141054216106328,1.5115953202904786,7112.2517386095315,1.061226259165717,0.937523613800013,1.772406563773921,8.333333333333334,1000000.0,84.85,3.0,1000.0,0.0,quick_check
142,1.0657013273209497,3.439201617665039,-4.843357330483386,7212.209646365139,0.8289882453857109,1.0643949067516465,0.8510443131964265,8.333333333333334,1000000.0,84.85,3.0,1000.0,0.0,quick_check
143,1.241809261609948,3.031278216387718,-15.502499126636216,7385.990943094537,0.9913896610093709,1.4133227377450635,1.0789052396237446,8.333333333333334,1000000.0,84.85,3.0,1000.0,0.0,quick_check
144,0.7122206728347757,2.9334568778114565,1.4659845471826873,7283.648760555282,1.0454302459560838,1.0046488180485693,0.9641067057005305,8.333333333333334,1000000.0,84.85,3.0,1000.0,0.0,quick_check
145,1.7564781923017134,2.447521994135366,7.116462134308809,7116.287963509025,0.9844979289790935,0.9733549809970299,0.6714892436891434,8.333333333333334,1000000.0,84.85,3.0,1000.0,0.0,quick_check
146,1.4831087899404976,3.3324991515271756,4.166703801083473,7114.5468644450275,0.9406518416439968,0.725713988244363,1.0731739512279794,8.333333333333334,1000000.0,84.85,3.0,1000.0,0.0,quick_check
147,0.720301013348691,3.5538570700282914,3.256879698148318,7314.028501966731,0.975238355231446,1.4555671387225255,0.7835034221722226,8.333333333333334,1000000.0,84.85,3.0,1000.0,0.0,quick_check
148,0.9444821286788686,3.1106808837837034,-5.945285268819899,7293.500879414968,1.1212137483696947,0.7738935193998167,0.7038028081273592,8.333333333333334,1000000.0,84.85,3.0,1000.0,0.0,quick_check
149,1.975227682134594,2.4851188782560394,17.710790295333187,7082.708488428421,0.9911729127922659,1.008548109031775,0.9614601210088247,8.333333333333334,1000000.0,84.85,3.0,1000.0,0.0,quick_check
150,0.8693544005884514,2.593081737391619,5.664137536680137,7239.443710006859,0.8063457807575661,0.9605077407171047,1.0466972790863156,8.333333333333334,1000000.0,84.85,3.0,1000.0,0.0,quick_check
151,0.9504570257356403,2.793795765670496,-16.5320426859041,7151.433079101277,1.0158048911243087,0.9436814258068983,1.294241164568342,8.333333333333334,1000000.0,84.85,3.0,1000.0,0.0,quick_check
152,1.7994944943548068,3.6108915247472853,-1.1185396950632263,7021.118812181949,0.8709614264331031,0.7186910292904481,1.0346975876594897,8.333333333333334,1000000.0,84.85,3.0,1000.0,0.0,quick_check
153,0.8352805990430787,3.1971331953537256,-9.162235275032243,7249.247882886176,1.064116355895152,1.1221879531853642,1.0160545251310504,8.333333333333334,1000000.0,84.85,3.0,1000.0,0.0,quick_check
154,1.148913439038567,2.9401646336872744,-3.0840398699570293,7387.554973708639,0.8863592657563768,1.2171423736280214,1.5063748287001242,8.333333333333334,1000000.0,84.85,3.0,1000.0,0.0,quick_check
155,1.8035908703809485,2.8021053849032787,-1.3967426232149722,7375.9377518819465,0.8934655597632394,1.0517502882953227,1.2033174387035446,8.333333333333334,1000000.0,84.85,3.0,1000.0,0.0,quick_check
156,1.5479657650335057,2.8626076486879692,20.602439846655617,7252.093274289953,1.0191335783578388,0.905415931826781,1.0492990813890228,8.333333333333334,1000000.0,84.85,3.0,1000.0,0.0,quick_check
157,1.753869400221502,2.6779192901734588,-7.225773065007557,7271.449591238217,0.9857492021203893,1.0322994887118895,1.1887377484345198,8.333333333333334,1000000.0,84.85,3.0,1000.0,0.0,quick_check
158,1.5676941617216047,2.335184448821117,-13.944051010932894,7057.000666647427,0.8584846103590886,0.9194014201014141,1.9354002969690882,8.333333333333334,1000000.0,84.85,3.0,1000.0,0.0,quick_check
159,2.0039718742702233,1.523913294974589,-11.029377298100393,7249.276920001245,1.0271194697760313,1.666438488402301,1.1857097288763803,8.333333333333334,1000000.0,84.85,3.0,1000.0,0.0,quick_check
160,0.8059085995432351,2.9780587418648876,-12.625786493442337,7048.374948862914,1.053074068948041,1.0555991632448558,1.228785555871994,8.333333333333334,1000000.0,84.85,3.0,1000.0,0.0,quick_check
161,1.7053500492423486,2.88888226055652,-12.412227625381869,7142.706986226239,1.006330779887331,1.3200638055658804,1.3067721960542755,8.333333333333334,1000000.0,84.85,3.0,1000.0,0.0,quick_check
162,0.5222691481232683,2.492772269282369,-1.794718477760553,7244.905442536501,1.1557039009848484,1.2606397607262307,1.1245662317922624,8.333333333333334,1000000.0,84.85,3.0,1000.0,0.0,quick_check
163,1.0145513591761497,3.1782939907965417,-1.007644283163463,7148.392719393341,0.9037484315708948,0.9533859117675463,1.2557846627315419,8.333333333333334,1000000.0,84.85,3.0,1000.0,0.0,quick_check
164,0.5231894449598217,2.5981751221744953,-7.830850046235448,7252.976419368396,0.9401150610278435,0.922594713221013,0.981462788744115,8.333333333333334,1000000.0,84.85,3.0,1000.0,0.0,quick_check
165,0.7495240064863238,3.088975536077326,-13.71195011876047,7104.723518368598,0.9895014129321839,1.1023341473301054,0.722527956188825,8.333333333333334,1000000.0,84.85,3.0,1000.0,0.0,quick_check
166,1.768589050852642,3.811460264179695,6.103571752537808,7244.293436141307,1.0823818201504696,0.9467477106545867,0.8906976752336735,8.333333333333334,1000000.0,84.85,3.0,1000.0,0.0,quick_check
167,1.05095752825033,3.4236872489648307,-2.823820561102424,7458.47490212907,0.9517210995025338,1.3034127319290802,1.3197280486435943,8.333333333333334,1000000.0,84.85,3.0,1000.0,0.0,quick_check
168,0.8491213965309768,3.2309742069235066,7.697303816917635,7360.864661430074,1.183572299416737,1.1249469794945282,0.9191674041630362,8.333333333333334,1000000.0,84.85,3.0,1000.0,0.0,quick_check
169,1.1132355739047195,2.0044699825929775,4.836716170466265,7419.682053209386,0.9361952853476612,1.1599544148112908,1.0405649065839013,8.333333333333334,1000000.0,84.85,3.0,1000.0,0.0,quick_check
170,1.6443980853839664,3.252488661006319,-2.4723338984259997,7389.699789492974,0.9990914731634418,0.7981586981312762,0.7503874846935,8.333333333333334,1000000.0,84.85,3.0,1000.0,0.0,quick_check
171,2.9790793046838693,3.2505038843813923,15.549213943040726,7305.720657356864,1.0540944580030511,0.9423967512331761,1.022738639397932,8.333333333333334,1000000.0,84.85,3.0,1000.0,0.0,quick_check
172,1.7021545532584543,3.660182078087442,-1.8415201711676923,7161.894249918896,1.0242885055444786,1.1758041059676483,0.8222192282291799,8.333333333333334,1000000.0,84.85,3.0,1000.0,0.0,quick_check
173,1.8746451000926334,2.6179511551414736,3.4441254036844358,7328.415276232166,0.97304649183192,1.307538600802623,1.0686784638555928,8.333333333333334,1000000.0,84.85,3.0,1000.0,0.0,quick_check
174,1.405517980053354,2.2486936099865877,0.44208112647746073,7140.467411374019,1.0371960504105473,0.6923439634181676,1.2377624603754416,8.333333333333334,1000000.0,84.85,3.0,1000.0,0.0,quick_check
175,1.3579777075599566,2.6923209721186296,-8.085066531418772,6991.297422452413,0.8433948656234392,1.4603998658635555,0.823238126830835,8.333333333333334,1000000.0,84.85,3.0,1000.0,0.0,quick_check
176,0.6407501934381318,4.363708129078143,-10.304286872336434,7107.413333993278,0.8888748309933419,0.948329842858198,1.2255163526556954,8.333333333333334,1000000.0,84.85,3.0,1000.0,0.0,quick_check
177,0.9282793973921366,2.825431692130735,-16.691809606741323,7147.551989114677,1.031520010342464,1.0698920576957822,1.1127429545761924,8.333333333333334,1000000.0,84.85,3.0,1000.0,0.0,quick_check
178,1.8315868441193102,3.0849569053402517,-3.963362470935714,7257.762608601735,0.7311368524352819,0.7234454659806688,1.0883696812109835,8.333333333333334,1000000.0,84.85,3.0,1000.0,0.0,quick_check
179,1.1080199302484466,2.614837429431184,12.387520943057613,7254.566755980694,0.9755195706139648,1.0432228142129354,1.486690096030164,8.333333333333334,1000000.0,84.85,3.0,1000.0,0.0,quick_check
180,0.9106354380006313,2.8114564382159357,-22.595625518733222,7453.287692408814,1.0429622519035544,1.436028806616865,0.876241033895325,8.333333333333334,1000000.0,84.85,3.0,1000.0,0.0,quick_check
181,0.537206599905775,2.1171517897171475,-18.991639323018465,7239.448679357971,0.9698547099882542,1.0205700973208163,1.2128366469135845,8.333333333333334,1000000.0,84.85,3.0,1000.0,0.0,quick_check
182,1.0460704562868366,3.5181111421041704,-3.1516718120304317,6987.894503349359,1.001848673952278,1.058706198783425,0.9090144826155518,8.333333333333334,1000000.0,84.85,3.0,1000.0,0.0,quick_check
183,0.7515592140748463,3.379557676440987,-6.1839692000418625,7090.694133617262,1.0931949699365362,1.1852193924086623,1.2628435515659884,8.333333333333334,1000000.0,84.85,3.0,1000.0,0.0,quick_check
184,0.9072125828706804,2.712800764003548,7.644130501513658,7461.852094316223,1.0818992037755533,1.1911142056431698,1.0096964859568263,8.333333333333334,1000000.0,84.85,3.0,1000.0,0.0,quick_check
185,1.0181718953391612,1.364457311548645,-14.768295186552526,7294.8855609260745,0.931705663350449,0.6885095858672341,0.96635426885403,8.333333333333334,1000000.0,84.85,3.0,1000.0,0.0,quick_check
186,1.2721748674947888,2.9735717746380335,13.765682778410538,7187.712895330281,1.1347885296466051,1.1173502591779707,0.9860550284020818,8.333333333333334,1000000.0,84.85,3.0,1000.0,0.0,quick_check
187,0.6153695485436942,3.33345408202141,-13.13447215665655,7382.4379186211445,1.044050310279373,0.816045354293676,0.9125294422013152,8.333333333333334,1000000.0,84.85,3.0,1000.0,0.0,quick_check
188,0.7243285476364485,2.907177398102771,-13.4077920783688,7403.345452820813,1.077315819238526,0.8644346627654744,1.106892936945851,8.333333333333334,1000000.0,84.85,3.0,1000.0,0.0,quick_check
189,1.0660305659683116,3.4301551177952816,-1.2426410573949036,7252.508693560353,0.8497441078534569,1.0416812370628334,0.9372788346039078,8.333333333333334,1000000.0,84.85,3.0,1000.0,0.0,quick_check
190,1.2609178601045792,4.268701745753472,-1.9016175357140364,6996.7824743179835,0.986477808239909,0.9074156969081575,0.6106188168483107,8.333333333333334,1000000.0,84.85,3.0,1000.0,0.0,quick_check
191,1.6387361829110658,3.319614765872458,-9.886378271731813,7154.464361281447,1.09255089261833,1.350554589813176,1.114710989134216,8.333333333333334,1000000.0,84.85,3.0,1000.0,0.0,quick_check
192,0.9227412640312672,2.7935177971741507,5.2151470531446655,7114.557339080897,0.9344110562841111,1.2816716309710543,0.9969968921198537,8.333333333333334,1000000.0,84.85,3.0,1000.0,0.0,quick_check
193,0.7182211255292106,2.3518670723035107,-0.38376407963208575,7161.18041997344,0.9967363742071892,1.0339970519248436,0.6248457505329219,8.333333333333334,1000000.0,84.85,3.0,1000.0,0.0,quick_check
194,1.5307081567679495,1.45389951744359,1.6650954665342108,7031.429140546785,0.9716266373830356,1.198306072716316,1.2858333282372967,8.333333333333334,1000000.0,84.85,3.0,1000.0,0.0,quick_check
195,0.7663703976405601,2.431781311938687,12.053259377959195,7309.872220969518,1.0517499699759052,1.256621785394076,0.9754104013672992,8.333333333333334,1000000.0,84.85,3.0,1000.0,0.0,quick_check
196,0.9647902661801822,3.8461309917275335,-11.5691935398036,7139.361692560728,0.9186114756436332,0.9854963372680714,1.2744925046240767,8.333333333333334,1000000.0,84.85,3.0,1000.0,0.0,quick_check
197,1.0512188072799096,3.0471272160782252,-14.259836240583345,7057.89075145507,0.8051712618123168,2.1079453486201247,0.6346915329765085,8.333333333333334,1000000.0,84.85,3.0,1000.0,0.0,quick_check
198,1.408160494886838,3.264997027753651,-6.03772027955671,7380.033434827032,1.132960798486704,0.8461104786515761,0.8901937085900048,8.333333333333334,1000000.0,84.85,3.0,1000.0,0.0,quick_check
199,0.7804222295214135,2.5375717378133293,-13.406952434791283,7181.8835085521105,1.1191550199650397,1.2937168823064775,1.3294994745125635,8.333333333333334,1000000.0,84.85,3.0,1000.0,0.0,quick_check
200,1.0612564794263664,2.691455767503024,-7.070783364800653,7223.164995392781,0.9641329779802555,1.52707964157265,1.0405216289666825,8.333333333333334,1000000.0,84.85,3.0,1000.0,0.0,quick_check
201,1.0018829715963564,2.5844252896029656,-11.653668904836604,7144.477596237839,0.9981074725666486,0.6404200775656727,1.1138953483151672,8.333333333333334,1000000.0,84.85,3.0,1000.0,0.0,quick_check
202,1.2652831993607105,3.883590425862767,1.3732773689165545,7161.760527345605,1.020850999383177,0.6310452721318719,0.9318866454824247,8.333333333333334,1000000.0,84.85,3.0,1000.0,0.0,quick_check
203,0.8474686181752139,1.2967321532329188,6.0617709559324595,6943.190290109648,0.9248603415227447,1.0888941765591342,1.0307356812472883,8.333333333333334,1000000.0,84.85,3.0,1000.0,0.0,quick_check
204,0.7069134047401194,2.168042567371687,-12.525419817488094,7225.283650787286,0.904671609719604,0.9418170292747496,1.2726639059202152,8.333333333333334,1000000.0,84.85,3.0,1000.0,0.0,quick_check
205,1.2213667229936171,4.098859885681344,4.899633050869257,7226.251435432796,0.970685534922242,0.9957472994986508,1.0689351652940189,8.333333333333334,1000000.0,84.85,3.0,1000.0,0.0,quick_check
206,0.9973739919304109,3.9576636779443657,8.277382819641705,7211.4589993815325,0.7433692502748322,1.261098529775115,1.4771521420057867,8.333333333333334,1000000.0,84.85,3.0,1000.0,0.0,quick_check
207,0.920173465914856,2.804568112143237,-2.9793213445788918,7286.326017117896,0.9679170735229959,0.6911571466492892,1.0615972851674738,8.333333333333334,1000000.0,84.85,3.0,1000.0,0.0,quick_check
208,1.1035697369824924,2.559774066126985,11.080204532566274,6955.865967254691,0.9447718041260608,1.203407104434886,0.8168144847781634,8.333333333333334,1000000.0,84.85,3.0,1000.0,0.0,quick_check
209,0.5200351698728446,2.6514909507518314,-8.218953049652768,7143.107018266075,0.9511338656187973,0.6935773066135001,1.149006369647164,8.333333333333334,1000000.0,84.85,3.0,1000.0,0.0,quick_check
210,0.8695571736046488,3.9880459675017064,8.699305245723588,7321.654124452762,1.0764323537932994,0.9004664691296652,0.6814231837553019,8.333333333333334,1000000.0,84.85,3.0,1000.0,0.0,quick_check
211,1.0172483863542834,4.166027913546303,-14.902860502480692,7210.5360789302285,0.9380042799765095,0.6123656718993129,0.7295871282091568,8.333333333333334,1000000.0,84.85,3.0,1000.0,0.0,quick_check
212,0.7266078371017585,2.2852024317122828,-9.48208487388833,7077.44748146435,1.0496075774801552,0.9480424051674913,0.7494621218951493,8.333333333333334,1000000.0,84.85,3.0,1000.0,0.0,quick_check
213,0.7509633560545592,1.6766528957010878,5.109483728923698,7220.53540520038,0.9722224287756827,0.8908820635990217,1.2563421358499345,8.333333333333334,1000000.0,84.85,3.0,1000.0,0.0,quick_check
214,1.0400261248481828,3.840092296125274,-17.346456131009788,6987.025279484165,1.0277612630596633,0.7771037086855951,0.97281661869679,8.333333333333334,1000000.0,84.85,3.0,1000.0,0.0,quick_check
215,2.7524769047438014,2.250540614202479,-26.825671879420874,7035.2502852186035,0.9247711725274177,0.7317685232546128,0.6346914038222135,8.333333333333334,1000000.0,84.85,3.0,1000.0,0.0,quick_check
216,1.5866512593039241,3.4783512391521105,-7.489413141155103,7040.033124585444,0.9870484565805574,1.1537535541359012,0.7972695182490455,8.333333333333334,1000000.0,84.85,3.0,1000.0,0.0,quick_check
217,0.29479375107232125,2.9087264226143086,-3.2943932362389825,7304.878086853488,1.1622502337345775,0.7641004165613209,1.2204753155733992,8.333333333333334,1000000.0,84.85,3.0,1000.0,0.0,quick_check
218,0.4573270059068033,4.105154496772053,12.240966954318104,7289.871106894199,0.9966896440154945,0.8197144911688256,0.5919192981506718,8.333333333333334,1000000.0,84.85,3.0,1000.0,0.0,quick_check
219,0.8258765702511174,1.6551670642513883,-10.110507685428091,7142.964361419356,1.0118725777687516,0.6087481456112557,0.94333526528392,8.333333333333334,1000000.0,84.85,3.0,1000.0,0.0,quick_check
220,0.7778006989222787,3.0828933607323816,1.9494502377431155,7202.829005341597,1.0104201351699968,1.0955666553347754,0.9439772188367238,8.333333333333334,1000000.0,84.85,3.0,1000.0,0.0,quick_check
221,0.522286685276893,1.8261457427872896,-6.7679678662240566,7217.591544082226,1.1389478847312295,1.389069079747078,0.948188611430873,8.333333333333334,1000000.0,84.85,3.0,1000.0,0.0,quick_check
222,0.7002405367338734,2.977415414543025,4.564893096468275,7176.332968429474,0.9513860124560745,1.357661980096781,1.0192498021442957,8.333333333333334,1000000.0,84.85,3.0,1000.0,0.0,quick_check
223,0.6366481186626208,2.3532271299655445,-0.8813365571695047,7368.284293040194,0.9865472604195036,1.6488924000262137,1.075149442888106,8.333333333333334,1000000.0,84.85,3.0,1000.0,0.0,quick_check
224,1.5716018224831312,2.5294037927250232,8.314011369551917,7220.805500159937,1.0712339543334628,0.7722543252906106,1.0317205219105359,8.333333333333334,1000000.0,84.85,3.0,1000.0,0.0,quick_check
225,1.4434530648644168,2.4507158046664266,-11.620022606899171,7141.013702504987,1.007406320614402,0.8489353797948408,1.4634141310274098,8.333333333333334,1000000.0,84.85,3.0,1000.0,0.0,quick_check
226,1.1619808716991638,3.017291466227503,-8.01655070825069,7107.205158371862,1.104242428405628,1.4024839387684165,0.9767863470449278,8.333333333333334,1000000.0,84.85,3.0,1000.0,0.0,quick_check
227,1.9298395756983817,2.9953385643511092,-4.233213834425812,7046.609442965041,1.1380904066581774,1.0583896169225193,0.8452630850204363,8.333333333333334,1000000.0,84.85,3.0,1000.0,0.0,quick_check
228,0.4491494427328651,1.7466442707403802,13.151118099964783,7203.595775984952,1.0286021355981252,0.9396596294024377,1.3327695971896611,8.333333333333334,1000000.0,84.85,3.0,1000.0,0.0,quick_check
229,1.0382814528343076,3.087854482654328,14.398668381524473,7184.562690578456,0.8770997306681733,1.1478019112964133,0.8594698479098537,8.333333333333334,1000000.0,84.85,3.0,1000.0,0.0,quick_check
230,0.2219530397605823,4.019423238446638,1.134066955686556,7126.741667142965,1.0793870949076443,1.1678901936936856,0.7975694404411533,8.333333333333334,1000000.0,84.85,3.0,1000.0,0.0,quick_check
231,1.245811328447829,1.8609771087882228,-9.475870715105216,7157.89260231441,1.1323697491149283,0.8266114800572919,1.2365478168656863,8.333333333333334,1000000.0,84.85,3.0,1000.0,0.0,quick_check
232,1.7718582722350655,2.2052602275866224,-0.7109969222808838,7054.389917530323,0.9832486522159642,0.6698615045306349,0.9085879177111648,8.333333333333334,1000000.0,84.85,3.0,1000.0,0.0,quick_check
233,0.9014652792602337,2.5117993862271133,-0.4036771003223658,7226.511940421428,0.9816028077875653,1.103851299547951,1.2699169011339757,8.333333333333334,1000000.0,84.85,3.0,1000.0,0.0,quick_check
234,1.2085462831924245,2.2414394740422416,-0.3490899056609392,7289.358091435992,1.1538654238290427,0.7267601090296244,0.908098464129669,8.333333333333334,1000000.0,84.85,3.0,1000.0,0.0,quick_check
235,0.789671200165337,2.8178816962672637,-7.892388582356177,7470.803869878281,0.831009803595942,1.2519460963449809,0.7676266360601359,8.333333333333334,1000000.0,84.85,3.0,1000.0,0.0,quick_check
236,1.7916863071976734,2.330228102017378,-21.152286026540025,7121.251334328679,1.1478147562071639,1.1337995904566,1.3363338026722185,8.333333333333334,1000000.0,84.85,3.0,1000.0,0.0,quick_check
237,0.9998419208221588,3.1294502333482397,0.28212367928636506,7429.520426888297,0.8097109305674595,0.6946904029966339,0.8500831043598388,8.333333333333334,1000000.0,84.85,3.0,1000.0,0.0,quick_check
238,0.53493246538456,2.79608583155088,-6.736370487615924,7135.113440017882,1.0823483855454776,0.8163637058530898,1.0269714828039522,8.333333333333334,1000000.0,84.85,3.0,1000.0,0.0,quick_check
239,0.8352045108375175,3.4006995519000465,-9.853324512952241,6999.587772260721,0.9303515163690224,1.528125105897982,0.8159585054326242,8.333333333333334,1000000.0,84.85,3.0,1000.0,0.0,quick_check
240,0.5397936920494133,2.6670474034062077,9.290030444332073,6887.015049661646,1.0610985796764416,0.8077239438791708,1.281230031419622,8.333333333333334,1000000.0,84.85,3.0,1000.0,0.0,quick_check
241,2.8425238119846674,3.178847743182462,-10.898320159904934,6931.293331057311,1.0370802726563173,0.9775274606386751,1.107910989678034,8.333333333333334,1000000.0,84.85,3.0,1000.0,0.0,quick_check
242,1.993363146741302,1.4462872085387488,6.160140537226622,7192.888706424091,1.0016414907735467,1.118024150876874,0.8687590537041447,8.333333333333334,1000000.0,84.85,3.0,1000.0,0.0,quick_check
243,1.3391662148196706,3.2201375679181963,-9.052186670201888,7273.5755688285035,0.9053906881529333,1.4902003507974806,0.896950673321872,8.333333333333334,1000000.0,84.85,3.0,1000.0,0.0,quick_check
244,1.0812710597135098,2.352949846058205,-3.3302591557073535,7270.842282716812,0.9184362664917594,1.0802026901225723,1.136511772053869,8.333333333333334,1000000.0,84.85,3.0,1000.0,0.0,quick_check
245,1.608036333658291,3.247879383633509,-7.443329984777537,7443.488722853137,0.9742481179783408,0.8691719291014206,0.8710277599945575,8.333333333333334,1000000.0,84.85,3.0,1000.0,0.0,quick_check
246,0.6075220246517884,3.697583504980415,-9.84947361821247,7669.963153261296,1.0149253629426938,1.0316585289494467,1.0346910861163898,8.333333333333334,1000000.0,84.85,3.0,1000.0,0.0,quick_check
247,0.8950644280840276,2.9784509239215056,2.475097997028883,7256.766103418226,0.8952936423153427,1.2637006847931016,1.2751830484403328,8.333333333333334,1000000.0,84.85,3.0,1000.0,0.0,quick_check
248,2.02975848114246,3.2182101960274445,6.164107231296833,7215.825547697462,0.9701833131253932,0.6849968312262356,0.8426004577707874,8.333333333333334,1000000.0,84.85,3.0,1000.0,0.0,quick_check
249,1.3348481721370589,3.2450507408431513,14.33538377867787,7071.821127892622,0.9441740325369808,1.0355053636825804,0.6456259843257612,8.333333333333334,1000000.0,84.85,3.0,1000.0,0.0,quick_check
250,0.8375769542566052,2.247134314679796,-4.197990912967646,7132.188344135588,1.134748907534808,1.1917238554984986,1.0845808906560583,8.333333333333334,1000000.0,84.85,3.0,1000.0,0.0,quick_check
251,0.7057447620922815,5.048620843124529,9.95507692492324,7396.997524921471,1.0907513315095307,1.3489325273178798,1.382296473192638,8.333333333333334,1000000.0,84.85,3.0,1000.0,0.0,quick_check
252,1.1022586904091063,3.57663236268995,-9.636219974575951,7297.743794285137,1.1804336409107514,0.8390384138415132,0.8143532851466466,8.333333333333334,1000000.0,84.85,3.0,1000.0,0.0,quick_check
253,1.6745090682002346,3.480853552382601,-5.42652409209246,7275.361274157859,1.1310733559403632,0.9673126860888599,1.1777842589902325,8.333333333333334,1000000.0,84.85,3.0,1000.0,0.0,quick_check
254,0.5895029656921735,2.5631017371160607,-12.807282184915088,7345.969207537138,1.1082041959031805,0.7852453484077585,0.7593275488402413,8.333333333333334,1000000.0,84.85,3.0,1000.0,0.0,quick_check
255,1.5386198465164715,2.9898170829821122,2.1596239526404886,7188.460360308244,1.0511682950933592,0.6269561215560809,0.7190441910721851,8.333333333333334,1000000.0,84.85,3.0,1000.0,0.0,quick_check
256,0.9805665932400862,2.51168182772957,-2.4191465840936037,7195.958806296902,1.0483246800238846,1.4660338519946359,1.3782072455579346,8.333333333333334,1000000.0,84.85,3.0,1000.0,0.0,quick_check
257,1.6719010692227312,3.9198838557247386,-5.759786479296793,7234.359791425345,0.976058721095603,1.0130164569582618,1.1864093043500143,8.333333333333334,1000000.0,84.85,3.0,1000.0,0.0,quick_check
258,1.1015042364768732,2.3289778408312687,11.37162461059453,7335.626546661293,1.1198341192629429,1.9085342660200284,1.3199633745351884,8.333333333333334,1000000.0,84.85,3.0,1000.0,0.0,quick_check
259,1.61481444056442,2.6195858204944584,-5.407397586828418,7383.508991188922,0.7968931672557503,0.6767304917085917,0.8564187972813632,8.333333333333334,1000000.0,84.85,3.0,1000.0,0.0,quick_check
260,0.5490573165705712,2.0247487679650433,6.525238930484623,6952.976871536724,0.928285155017311,1.343501241714037,1.3164750183718674,8.333333333333334,1000000.0,84.85,3.0,1000.0,0.0,quick_check
261,1.0382171394437856,3.6098401297206726,4.660708481134236,7347.219624345799,1.1471177355163624,0.9456445918699076,1.3601364998050813,8.333333333333334,1000000.0,84.85,3.0,1000.0,0.0,quick_check
262,0.6350797641604267,3.8661084337146043,6.464650284688283,7102.804360288946,1.0058511991648638,0.9578602793343973,1.0839817061577608,8.333333333333334,1000000.0,84.85,3.0,1000.0,0.0,quick_check
263,1.852496588609093,2.333599932833105,-2.0588374784889356,7393.825105247338,1.0153801271397667,1.1223913074883205,0.8901847304155278,8.333333333333334,1000000.0,84.85,3.0,1000.0,0.0,quick_check
264,1.0937056406785701,2.807963846076723,9.423095825510071,7275.671947665393,0.8934007240188699,0.8582305653035848,0.6737527024442648,8.333333333333334,1000000.0,84.85,3.0,1000.0,0.0,quick_check
265,1.0814574139500723,3.031463985108724,-4.956242621750756,7130.368125287671,1.0045909276851492,1.1263512710853332,0.8898449660312888,8.333333333333334,1000000.0,84.85,3.0,1000.0,0.0,quick_check
266,2.240858192232327,2.974967770270218,-12.539810574563324,7158.983561746739,0.9694833343169111,1.2614889065055916,1.021279289628518,8.333333333333334,1000000.0,84.85,3.0,1000.0,0.0,quick_check
267,1.8816989197299576,2.8758818802361503,-11.558103945085406,7122.344550094509,1.0212072149579348,1.2395625123584666,0.8918547083059076,8.333333333333334,1000000.0,84.85,3.0,1000.0,0.0,quick_check
268,0.6517143512987269,2.8485105408089355,-8.700073384384982,7305.35403944129,0.8724896918417931,0.8328245237989379,0.7976958786933642,8.333333333333334,1000000.0,84.85,3.0,1000.0,0.0,quick_check
269,1.1526612832892265,4.974537526938232,26.040868841907844,7069.018026262335,1.1508629823844698,0.9102561295615955,1.2977833899728874,8.333333333333334,1000000.0,84.85,3.0,1000.0,0.0,quick_check
270,0.6704041658275894,3.9494298225427977,-0.2516908022979036,7249.698683504116,0.8465503324260321,1.1687992025891238,0.8881357628536848,8.333333333333334,1000000.0,84.85,3.0,1000.0,0.0,quick_check
271,2.1255399733218767,1.7343415170187442,-8.064109318352102,7066.773742014226,0.6888864898568725,1.1859264549595288,1.6316249976430555,8.333333333333334,1000000.0,84.85,3.0,1000.0,0.0,quick_check
272,0.993912950827454,1.8253983115812134,8.07035299160905,6992.617122403885,0.9908877586951141,1.1547590928109635,0.8667116565913259,8.333333333333334,1000000.0,84.85,3.0,1000.0,0.0,quick_check
273,0.7573413617209882,2.627156023517134,-8.361908624487867,7206.3518677221655,0.9664080778437557,1.095176673609831,1.4686197561610148,8.333333333333334,1000000.0,84.85,3.0,1000.0,0.0,quick_check
274,1.8767257914484434,3.873916876432087,-10.469632309428574,7299.265335886112,1.153296093139225,0.62255420336785,0.7885163906932747,8.333333333333334,1000000.0,84.85,3.0,1000.0,0.0,quick_check
275,1.5020620629779762,1.5023116069222617,24.247583442713456,7268.321506246275,1.1868959300338815,0.7372789056513466,1.4537288382432985,8.333333333333334,1000000.0,84.85,3.0,1000.0,0.0,quick_check
276,1.0814625698084404,3.2422589345864536,-15.799595134969657,7319.614642705351,0.8611754765254513,1.153323501052759,0.8964383418197899,8.333333333333334,1000000.0,84.85,3.0,1000.0,0.0,quick_check
277,0.9609106473474786,3.4043809299915804,-12.21176535767164,7083.28439852271,0.9871094560048262,1.0041840876922854,0.8993630365026124,8.333333333333334,1000000.0,84.85,3.0,1000.0,0.0,quick_check
278,0.8488125784484121,2.951607986249018,6.770471655536893,7258.233147867083,1.1219543743758313,1.2292545349397834,1.3610781076722422,8.333333333333334,1000000.0,84.85,3.0,1000.0,0.0,quick_check
279,1.4245245719494692,3.255462064418614,-1.0836530322087243,7109.843641018441,1.1710973587531164,0.9709143046503645,1.4370225774859775,8.333333333333334,1000000.0,84.85,3.0,1000.0,0.0,quick_check
280,1.012111409212776,2.588879615142406,-15.504069293102846,7117.988401046181,1.2137624468484014,0.655474771565187,1.0417201025480696,8.333333333333334,1000000.0,84.85,3.0,1000.0,0.0,quick_check
281,2.340826864629933,2.789416082430803,8.208578703148202,7357.350060345233,1.2011502122114297,0.9848841391681029,0.6094964021505096,8.333333333333334,1000000.0,84.85,3.0,1000.0,0.0,quick_check
282,1.0961446014096983,3.4041934324186953,-11.266685274079418,7069.83624615324,1.255592954012057,1.2788894031775673,0.9854041064003187,8.333333333333334,1000000.0,84.85,3.0,1000.0,0.0,quick_check
283,1.409554535079143,2.6766520212119347,5.043578040021623,7068.512864686475,0.8046371438259232,1.451408858881779,1.0299999364527699,8.333333333333334,1000000.0,84.85,3.0,1000.0,0.0,quick_check
284,1.1818812385541677,2.195653848788689,0.9375984987212356,7316.031378236009,1.026413432128933,0.6436657105108663,1.5263026904423516,8.333333333333334,1000000.0,84.85,3.0,1000.0,0.0,quick_check
285,0.9157561212541934,2.793307516872303,5.970079002158761,7091.693823732456,1.0351558345215055,1.0559162284384944,1.1851491408512964,8.333333333333334,1000000.0,84.85,3.0,1000.0,0.0,quick_check
286,1.175501734893671,3.590062450820265,8.420615518911681,7252.714272277538,1.0728587295916823,1.084248393131636,0.9309775925699207,8.333333333333334,1000000.0,84.85,3.0,1000.0,0.0,quick_check
287,0.7274179922443722,2.8517465478126707,-4.5788389284931155,7462.33250270286,1.1338852884205284,0.9665718285859262,0.9908013929946846,8.333333333333334,1000000.0,84.85,3.0,1000.0,0.0,quick_check
288,1.1238024646082694,3.3285961872856396,-18.942471089312704,7129.440383303562,1.0684836215789812,1.082404196051974,0.6808121477063019,8.333333333333334,1000000.0,84.85,3.0,1000.0,0.0,quick_check
289,1.1906370240663564,1.4135270105778797,2.456385359029005,7209.834724274839,0.8874194236047028,1.051470404479923,1.3031179222347165,8.333333333333334,1000000.0,84.85,3.0,1000.0,0.0,quick_check
290,1.2399154981300646,2.488260587151361,22.206144919466237,7197.084922547103,1.0453552353251059,0.5752633673502044,0.7446352452105808,8.333333333333334,1000000.0,84.85,3.0,1000.0,0.0,quick_check
291,1.4473596283834735,3.348208595271195,1.597373052984421,7214.155564220848,0.9745783420513658,1.19649277231055,0.6338186590265266,8.333333333333334,1000000.0,84.85,3.0,1000.0,0.0,quick_check
292,1.165992140035381,2.2689576978834523,6.711954252088717,7140.933965305477,0.8621155705642104,0.6274476221715024,0.6845577571196854,8.333333333333334,1000000.0,84.85,3.0,1000.0,0.0,quick_check
293,1.1652879857853642,1.917320331421726,4.590256172351142,7191.402260881305,1.050325237303932,1.4723711261145385,0.8662204497343731,8.333333333333334,1000000.0,84.85,3.0,1000.0,0.0,quick_check
294,0.6973407063032936,2.2056479846231554,-21.507767971508276,7454.422063688345,1.0379985784111365,1.1503781104071433,0.5424779432142149,8.333333333333334,1000000.0,84.85,3.0,1000.0,0.0,quick_check
295,1.4496179412310803,4.021615422894527,-10.372184422131687,7324.714896360502,1.0475259922935494,0.6933993328975994,1.0208443550152535,8.333333333333334,1000000.0,84.85,3.0,1000.0,0.0,quick_check
296,1.6026042033682404,4.019795068922872,-8.59200412007962,7192.935071871994,1.0188198319074955,1.0585905649945135,1.2216261747417274,8.333333333333334,1000000.0,84.85,3.0,1000.0,0.0,quick_check
297,1.1933579898012323,2.3187488222904906,3.1378954798977823,6941.294484429904,0.9627603966249121,0.8586607296457202,0.8623207118138838,8.333333333333334,1000000.0,84.85,3.0,1000.0,0.0,quick_check
298,0.8154924517243867,2.5152386431275353,-3.1213004162360964,7151.974372366058,0.977750040924159,0.8452632850913385,1.4467269797939413,8.333333333333334,1000000.0,84.85,3.0,1000.0,0.0,quick_check
299,0.8058705758193163,4.082928958301789,10.148021121892718,7191.384896272354,1.150507639212891,1.0205772179922519,1.1538330482536077,8.333333333333334,1000000.0,84.85,3.0,1000.0,0.0,quick_check
300,2.249012880177376,2.8094201363141127,-2.2054575029272465,7062.253169590673,1.0598541261566181,2.1380365347808388,2.0323929934855816,8.333333333333334,1000000.0,84.85,3.0,1000.0,0.0,quick_check
301,0.8947778889637672,3.2812219880961004,-7.531448028674282,7234.96760326829,1.1958700689706583,0.9638410577431488,1.168871221048514,8.333333333333334,1000000.0,84.85,3.0,1000.0,0.0,quick_check
302,0.8326994752802481,2.3464509857853972,22.13738995195792,7021.433184598388,0.8564586349770774,0.9249850839732442,1.0152338879216403,8.333333333333334,1000000.0,84.85,3.0,1000.0,0.0,quick_check
303,1.3256438041855652,2.897522328705645,-1.9568630178888,7376.426393692856,1.005794666367464,1.2032470352708269,1.3236551097035483,8.333333333333334,1000000.0,84.85,3.0,1000.0,0.0,quick_check
304,0.731335756729849,1.617038659041697,14.860135695467015,7102.904189104046,1.1592511682639568,0.8783808934070279,1.0364050854074203,8.333333333333334,1000000.0,84.85,3.0,1000.0,0.0,quick_check
305,1.270616724639529,3.3881787792507683,7.082239292694363,7206.587564148562,0.877644612791703,1.2759261537313442,0.8889260644140019,8.333333333333334,1000000.0,84.85,3.0,1000.0,0.0,quick_check
306,0.9164456004695245,3.9883116232807905,-10.55406650053679,7274.090204885479,0.8343993150720984,0.7346819263969238,0.9567189633750119,8.333333333333334,1000000.0,84.85,3.0,1000.0,0.0,quick_check
307,0.9103277753449684,2.227536176439755,-3.1175359331385937,7136.752968954775,1.0824939981944033,1.2153628526756957,1.0260493144692813,8.333333333333334,1000000.0,84.85,3.0,1000.0,0.0,quick_check
308,0.3458574290900124,2.6340136121433986,-6.933105663243828,7129.09156375287,0.8963247252552258,1.0954250041436684,0.9394502077053347,8.333333333333334,1000000.0,84.85,3.0,1000.0,0.0,quick_check
309,0.49919533104414915,1.5994486175947487,-3.172121252724178,7126.322340451809,0.9662435490085325,1.311823428739979,1.1123746300199593,8.333333333333334,1000000.0,84.85,3.0,1000.0,0.0,quick_check
310,1.3118522561097545,4.615688087504589,-17.365560720374425,7160.451869657367,0.9479325892107918,1.392037539323714,0.8345889735825286,8.333333333333334,1000000.0,84.85,3.0,1000.0,0.0,quick_check
311,0.521912346085288,1.8782587113856564,4.973352151041054,6988.653122121597,1.2013927968867564,1.3762850340765467,0.923132858096644,8.333333333333334,1000000.0,84.85,3.0,1000.0,0.0,quick_check
312,0.9776865941171778,2.8880748324132237,3.944055982596239,7256.0556942507355,0.8717997595229893,1.3942070580829988,0.8813729609012071,8.333333333333334,1000000.0,84.85,3.0,1000.0,0.0,quick_check
313,0.6872025494092364,3.0114342809526002,-7.026245800809648,7277.930682091354,1.115115902726239,1.4887774230170971,0.6657622245431591,8.333333333333334,1000000.0,84.85,3.0,1000.0,0.0,quick_check
314,0.31868674774570466,3.014912836248404,5.184662507432874,7162.549437447735,0.8642447931765063,1.0714535073733196,0.872396248734773,8.333333333333334,1000000.0,84.85,3.0,1000.0,0.0,quick_check
315,0.8493378043287628,2.4294124951571408,-11.772196957732744,7388.912937494059,0.8845950664748885,0.9952432716620354,0.8472854721905017,8.333333333333334,1000000.0,84.85,3.0,1000.0,0.0,quick_check
316,0.5469010982660273,2.2763537965089524,-6.559070447432802,7482.8215557260555,0.8087122846793986,0.7236901854883395,0.7030517163288446,8.333333333333334,1000000.0,84.85,3.0,1000.0,0.0,quick_check
317,2.303391467469964,2.227676187784394,-10.344745692171337,7059.2096758257085,0.8381258873352716,0.8537412642658928,0.9077596996703484,8.333333333333334,1000000.0,84.85,3.0,1000.0,0.0,quick_check
318,0.6338513190147634,2.339575733837415,2.598078413726426,6957.67882831921,0.913311110301519,1.1185326428618563,0.9307895117915407,8.333333333333334,1000000.0,84.85,3.0,1000.0,0.0,quick_check
319,0.30918597096291733,2.5676038667892893,2.6934085206949736,7079.15904985274,1.0018225235003562,1.0990610939261152,0.8538878147964811,8.333333333333334,1000000.0,84.85,3.0,1000.0,0.0,quick_check
320,1.3485236096855637,2.8452781100825466,0.9474729939122516,7197.370810690495,1.1272711415261831,0.6818247925096942,0.8171299257592365,8.333333333333334,1000000.0,84.85,3.0,1000.0,0.0,quick_check
321,1.286489177540842,2.219234278816633,0.11707452575110597,7213.200404280247,0.9789610235652962,1.0265307220080226,0.7570172346292636,8.333333333333334,1000000.0,84.85,3.0,1000.0,0.0,quick_check
322,0.5562336956702618,2.428728518201968,-11.493234671794163,7078.344686422508,0.9896541853681625,1.0416695433027854,1.1350123868839703,8.333333333333334,1000000.0,84.85,3.0,1000.0,0.0,quick_check
323,1.2352019409975232,1.264047581990076,-3.0153838930912946,7393.731996842626,0.8909228451329015,0.7873962805852152,0.6638197186751441,8.333333333333334,1000000.0,84.85,3.0,1000.0,0.0,quick_check
324,1.1144113674710647,2.691532281926725,-11.44933856048067,7094.898694336245,0.8740650560790494,1.3477279529171362,1.008926400727655,8.333333333333334,1000000.0,84.85,3.0,1000.0,0.0,quick_check
325,0.6370896594564242,3.425012852158246,-5.181632880584784,7291.042025749468,1.0174943373611276,0.538003755032957,1.1029350417106067,8.333333333333334,1000000.0,84.85,3.0,1000.0,0.0,quick_check
326,1.1516562310382557,1.7116962675301621,15.343711679900595,7124.805155653089,1.2003526958358273,1.2692438820460532,1.1766751938305313,8.333333333333334,1000000.0,84.85,3.0,1000.0,0.0,quick_check
327,0.7197898230461663,2.649221021581586,2.785482508883639,7289.6964771869225,1.053982054956662,1.1997022986627508,1.3314194607685301,8.333333333333334,1000000.0,84.85,3.0,1000.0,0.0,quick_check
328,0.5011866775037542,2.266249948363889,1.8306967682167148,7220.961154920082,1.0970105420640013,0.9157527359836932,1.1903996230717395,8.333333333333334,1000000.0,84.85,3.0,1000.0,0.0,quick_check
329,1.5979432076414781,2.565418458701237,-1.609674504471492,7236.621052766227,0.9741760741691933,0.7332489188409945,0.9659137060864591,8.333333333333334,1000000.0,84.85,3.0,1000.0,0.0,quick_check
330,1.7916607476541444,2.2666711263932027,8.724095494044848,7425.51023505473,0.9935688444902137,0.9216591776384465,0.8574206325852233,8.333333333333334,1000000.0,84.85,3.0,1000.0,0.0,quick_check
331,0.5879823018878344,2.6306387799763673,6.400162734153137,7254.46238833346,1.0957154388055266,1.3493475738270322,1.3220763626545533,8.333333333333334,1000000.0,84.85,3.0,1000.0,0.0,quick_check
332,2.710999572887594,3.3342243733127948,1.1213594669387834,7094.853617294524,1.0964338034355605,1.0526430366257054,1.0232117904437794,8.333333333333334,1000000.0,84.85,3.0,1000.0,0.0,quick_check
333,0.763599655826199,2.9405610754092657,-10.535842157354962,7256.941711303624,0.8786032229043554,0.7888731313627945,0.7151249493884151,8.333333333333334,1000000.0,84.85,3.0,1000.0,0.0,quick_check
334,1.4516456253489562,2.7331370709202205,-10.926943246538013,7065.049122234171,1.2568811026220845,0.7971089821424813,0.8468516232802616,8.333333333333334,1000000.0,84.85,3.0,1000.0,0.0,quick_check
335,0.8355197124606847,1.558129379451705,0.816754442981361,6932.362879849362,0.8555086138467523,1.1349421145375285,0.6705435129646289,8.333333333333334,1000000.0,84.85,3.0,1000.0,0.0,quick_check
336,0.8849733411512838,3.8247980852091636,3.5101918143638344,7137.490327103993,1.1062893256175363,1.344601813902333,1.1010521502708575,8.333333333333334,1000000.0,84.85,3.0,1000.0,0.0,quick_check
337,0.8856971939884268,3.2877197842256187,-6.046435872780391,6979.409758554964,1.0608221001156048,1.0481972654270049,1.0584648437038648,8.333333333333334,1000000.0,84.85,3.0,1000.0,0.0,quick_check
338,1.6173675903084066,3.9214594818897015,-0.6878623357654702,7321.878089747197,1.0021845264315805,1.153065714633055,1.2323695911665855,8.333333333333334,1000000.0,84.85,3.0,1000.0,0.0,quick_check
339,1.065538503152664,3.594893103390569,-13.588619173064826,7228.016091068834,0.9593046432518173,0.9611112349360995,0.8882856547177419,8.333333333333334,1000000.0,84.85,3.0,1000.0,0.0,quick_check
340,0.6779588489976801,3.2514611150513106,-2.2514949441320247,7038.980505381,0.9157754321546263,1.1304899642515231,1.4140805240369483,8.333333333333334,1000000.0,84.85,3.0,1000.0,0.0,quick_check
341,1.2342663101554492,3.5601460198748645,0.7299049110777655,7282.824721510782,1.049342526155708,0.7509302223092728,1.1925575042133532,8.333333333333334,1000000.0,84.85,3.0,1000.0,0.0,quick_check
342,0.8225262430329217,3.6041294504830077,0.5621734506393341,7293.076708578441,1.0502439380118407,1.0055625849680627,1.2267066043483565,8.333333333333334,1000000.0,84.85,3.0,1000.0,0.0,quick_check
343,1.1397285750474182,1.9103695342901656,5.05279592843449,6908.632577856194,1.0496175313071259,0.858783398555269,1.113878759586207,8.333333333333334,1000000.0,84.85,3.0,1000.0,0.0,quick_check
344,1.020594805475436,1.9474587385424291,-22.51089304055309,7050.787683657203,0.9483738075260806,0.9699998050734904,0.9715611329652026,8.333333333333334,1000000.0,84.85,3.0,1000.0,0.0,quick_check
345,0.8992007005159464,4.2890764116680975,9.522598586788098,7318.438911339518,1.2074363424531946,1.3396320526260295,0.8266235254554589,8.333333333333334,1000000.0,84.85,3.0,1000.0,0.0,quick_check
346,2.12441877357409,3.7211673119953836,-7.59272456539489,6944.139273985186,0.8802331026891157,0.9938904726643906,0.7650537670085018,8.333333333333334,1000000.0,84.85,3.0,1000.0,0.0,quick_check
347,0.6166258749116194,4.183846280476068,-2.6491078394300303,7200.1262307893585,1.0112181932400441,1.380824867855989,1.1605159916736627,8.333333333333334,1000000.0,84.85,3.0,1000.0,0.0,quick_check
348,0.7044030238219888,2.7495067530692188,-4.491061514966779,7224.499107556855,0.9978419122228076,1.800548270078269,0.8059802304533058,8.333333333333334,1000000.0,84.85,3.0,1000.0,0.0,quick_check
349,2.7684705313399625,3.6740545918471508,-1.6685020973541367,7315.721761385577,0.987362220887606,1.6240888941803062,0.7446886199063469,8.333333333333334,1000000.0,84.85,3.0,1000.0,0.0,quick_check
350,0.467657784721574,2.2662537934827025,4.227717765771062,7142.526299392144,0.9085225377678583,1.0774409774526386,0.7480413686255886,8.333333333333334,1000000.0,84.85,3.0,1000.0,0.0,quick_check
351,1.3481987332685876,3.0019457437530717,-10.82674990299438,7317.5115399099,0.9238172679455131,1.4521819404022502,1.1191088389361803,8.333333333333334,1000000.0,84.85,3.0,1000.0,0.0,quick_check
352,2.1194260420887634,2.865875044527293,-6.572068729905252,7396.890030668121,0.9652193051105922,0.9451631415532868,0.9496337752982644,8.333333333333334,1000000.0,84.85,3.0,1000.0,0.0,quick_check
353,0.9856785912740127,2.242773065780418,2.105603873144226,7310.473756596161,1.0322106899371588,1.0623501975958598,1.0177150760180376,8.333333333333334,1000000.0,84.85,3.0,1000.0,0.0,quick_check
354,1.2925768981309194,2.8384416520043922,-29.852861916194303,7315.130976284281,0.9970845155003235,1.4818310652259175,0.87787768451254,8.333333333333334,1000000.0,84.85,3.0,1000.0,0.0,quick_check
355,1.852616773255814,2.4125890954222666,-5.984436366119365,7208.539741017239,1.0779248076055998,0.875697448420367,0.8791999184101851,8.333333333333334,1000000.0,84.85,3.0,1000.0,0.0,quick_check
356,1.4627051646861169,4.409005866808883,2.1751299468115413,7161.134611493218,1.112183863429208,1.5722487218980172,1.3663328633842733,8.333333333333334,1000000.0,84.85,3.0,1000.0,0.0,quick_check
357,1.3913073568008385,2.497066824084645,3.2880066455477475,7210.826388319938,0.923764018599056,0.5737196700225944,0.953149583602084,8.333333333333334,1000000.0,84.85,3.0,1000.0,0.0,quick_check
358,1.0106630327177937,2.694004623290808,18.77148180718969,7016.5164760963025,0.781109256677194,0.8782470368962885,0.6083875069468307,8.333333333333334,1000000.0,84.85,3.0,1000.0,0.0,quick_check
359,1.0861783641086924,2.4864985969262596,-9.058879283840005,7188.043146849381,1.1315475539935593,1.1265360435071747,0.5835647537812632,8.333333333333334,1000000.0,84.85,3.0,1000.0,0.0,quick_check
360,0.8241670284156986,3.8090167971001763,-6.68029511427868,7242.763060187937,1.0384971635514009,1.3274211379659901,1.0360373642071032,8.333333333333334,1000000.0,84.85,3.0,1000.0,0.0,quick_check
361,0.7751304029387499,3.3693547863439592,7.5148494145071325,7270.332300781526,1.0473661731108082,1.3268455651900852,0.898148307077885,8.333333333333334,1000000.0,84.85,3.0,1000.0,0.0,quick_check
362,2.0511543738052374,2.4496628212568687,3.3306760820348495,7122.459746333399,0.8977474954221385,1.1883574723471053,0.8856822426165499,8.333333333333334,1000000.0,84.85,3.0,1000.0,0.0,quick_check
363,0.6370116211091348,2.6049733349660382,2.6943440173646294,7202.081290154771,0.903055106837181,1.7417770962784775,1.288648276639525,8.333333333333334,1000000.0,84.85,3.0,1000.0,0.0,quick_check
364,2.5187336978430457,2.352343123523757,5.640060821581329,7004.425907176201,1.0404564868351673,1.6108546914587882,1.6693463102951076,8.333333333333334,1000000.0,84.85,3.0,1000.0,0.0,quick_check
365,1.1159468555636456,2.548435894525755,-1.096617386050152,7385.355604753937,1.0743805279143657,1.053650872541454,0.8066465655805217,8.333333333333334,1000000.0,84.85,3.0,1000.0,0.0,quick_check
366,0.5775118567497232,3.2261262748574104,7.4506002197593935,7183.787606612054,1.2743509780935853,1.073587479745429,1.2804986937100964,8.333333333333334,1000000.0,84.85,3.0,1000.0,0.0,quick_check
367,0.9901462842303924,2.7182990796540847,1.254838580858126,6995.104431545957,0.8828794641098019,0.8677653060810476,0.542063310817391,8.333333333333334,1000000.0,84.85,3.0,1000.0,0.0,quick_check
368,0.9389665320208027,2.440228162511972,-1.5995642069898177,7162.54943012399,1.0020157559233214,1.4101532206933665,0.7030891679850408,8.333333333333334,1000000.0,84.85,3.0,1000.0,0.0,quick_check
369,1.09831627550465,2.10174725460623,15.242328516609245,7184.153927574566,1.2654255186013648,1.2802786472271133,1.1369881683705978,8.333333333333334,1000000.0,84.85,3.0,1000.0,0.0,quick_check
370,1.0397187823523308,3.4168741705199874,-2.118880310276664,7125.4671980279245,0.9929093590790509,0.7886656665853321,1.1295961921923279,8.333333333333334,1000000.0,84.85,3.0,1000.0,0.0,quick_check
371,0.41497193736178506,3.3691920313940207,-11.584092330110877,7205.835722969647,1.0042978001184084,1.787512608094266,0.8972613545608763,8.333333333333334,1000000.0,84.85,3.0,1000.0,0.0,quick_check
372,0.7478365277259967,3.0148949897570643,-9.156008778806278,7132.135202472941,0.9287998276380843,0.8395328054359529,0.7835161890426212,8.333333333333334,1000000.0,84.85,3.0,1000.0,0.0,quick_check
373,1.309657870911647,2.7593604444144564,10.255949208097855,7080.132090318374,1.1026473164010542,0.8919037492391039,1.0380512146065144,8.333333333333334,1000000.0,84.85,3.0,1000.0,0.0,quick_check
374,0.8392157007227358,2.7765511626954202,19.328936243300987,7305.759752378603,0.9746637136233849,1.0113108116474,0.9216170138792597,8.333333333333334,1000000.0,84.85,3.0,1000.0,0.0,quick_check
375,0.7429424027186171,3.618933400624388,10.483327056688829,7319.417964431284,0.907139840643681,0.9623966719099069,1.2767735145542485,8.333333333333334,1000000.0,84.85,3.0,1000.0,0.0,quick_check
376,1.0510179527013157,3.3716072167807662,-17.75149820564107,7121.305063775213,0.9126967800285951,0.709118956802246,0.9029489073589234,8.333333333333334,1000000.0,84.85,3.0,1000.0,0.0,quick_check
377,1.9474213006850196,2.6423499631978187,-2.049856661430598,6994.003068761045,0.9843061073193209,0.7874458182864408,0.9816967062905626,8.333333333333334,1000000.0,84.85,3.0,1000.0,0.0,quick_check
378,0.8052023579532109,3.0768580060487856,16.330047797131307,7202.972410918689,0.9553596755449396,0.915387034529501,1.376239222503755,8.333333333333334,1000000.0,84.85,3.0,1000.0,0.0,quick_check
379,0.6600782735719749,3.1902413835327597,-19.616684591246983,6939.062390449213,1.0089209104802463,0.6622353401538259,1.0629890324251445,8.333333333333334,1000000.0,84.85,3.0,1000.0,0.0,quick_check
380,0.9472073535623757,3.7541072075037842,12.996545224005377,7089.500145269161,1.0418050420991942,1.2187623658230051,0.7272539923982622,8.333333333333334,1000000.0,84.85,3.0,1000.0,0.0,quick_check
381,1.7898571605921654,2.1102108141911464,-12.857369532798328,7058.170389021308,0.9637715612745208,1.0175384636262168,1.2441702655658915,8.333333333333334,1000000.0,84.85,3.0,1000.0,0.0,quick_check
382,0.43813980990298235,2.5415667729287073,-2.9379826205812956,7195.334530048275,0.8943951371446631,0.7543726950290784,0.8466646503612241,8.333333333333334,1000000.0,84.85,3.0,1000.0,0.0,quick_check
383,2.0132636289174988,2.9618995813144,1.2787679314839222,6960.992853360532,0.9687210868240808,1.210304743699532,0.7937829890300215,8.333333333333334,1000000.0,84.85,3.0,1000.0,0.0,quick_check
384,0.9478527558446064,3.267392191451436,5.11968258442375,7353.200995495817,1.0281412795123226,1.0042357133309507,0.8765123046225455,8.333333333333334,1000000.0,84.85,3.0,1000.0,0.0,quick_check
385,1.960333560084981,3.1395486404414306,-11.07477429370719,7190.445348441195,1.0815745079213315,0.9284890664743679,0.8819633878172223,8.333333333333334,1000000.0,84.85,3.0,1000.0,0.0,quick_check
386,1.3992840236548176,4.1413792047573965,-1.9514753715005597,7228.576223578365,1.073891499934473,1.0787876133181022,0.6103411725756741,8.333333333333334,1000000.0,84.85,3.0,1000.0,0.0,quick_check
387,1.278060937525081,4.9121015783271345,-0.3678110705905293,7205.602543119831,1.0913813577287037,0.7931086927421345,0.7575976382335843,8.333333333333334,1000000.0,84.85,3.0,1000.0,0.0,quick_check
388,1.2357865252766391,2.191721078578644,-20.36336201460407,7121.068048517017,1.1619092966419855,1.040899397937885,0.7767438006495987,8.333333333333334,1000000.0,84.85,3.0,1000.0,0.0,quick_check
389,1.1201022837659007,4.057625910182986,-3.492481285410901,7077.385179777934,0.8489282043500893,1.3119310755385512,0.9337141475348355,8.333333333333334,1000000.0,84.85,3.0,1000.0,0.0,quick_check
390,1.0104161154314037,3.2487936335990275,-5.272792625318134,7223.464468044917,0.967340279169544,0.9442517894902034,0.9111354001355352,8.333333333333334,1000000.0,84.85,3.0,1000.0,0.0,quick_check
391,0.5405782295062842,1.4871392135601416,-8.636030378234338,7332.004919440674,0.9701022257408425,1.0274757542973367,1.2294434005139467,8.333333333333334,1000000.0,84.85,3.0,1000.0,0.0,quick_check
392,0.8395170988638979,3.042043093747144,-4.838924954838402,7280.3893331003155,1.082843630522472,0.5350992327922408,0.9459467402889156,8.333333333333334,1000000.0,84.85,3.0,1000.0,0.0,quick_check
393,0.824875080009811,2.4074433269194455,-3.739910202910803,7100.822762847453,0.900556234684146,1.1233448038029734,1.2564838751314646,8.333333333333334,1000000.0,84.85,3.0,1000.0,0.0,quick_check
394,0.8521899217350488,2.6096863246895543,3.528837644577634,7103.419673905116,1.0959370563313908,0.8025821901180622,1.1967530879086643,8.333333333333334,1000000.0,84.85,3.0,1000.0,0.0,quick_check
395,1.7878343236739538,1.9445326374773972,-7.275631287955658,7066.594874099969,0.9731387600384361,0.9381801155315415,1.052291651629375,8.333333333333334,1000000.0,84.85,3.0,1000.0,0.0,quick_check
396,0.7693961430617058,2.2600512101784136,-9.690333863792791,7445.728993211583,1.1607525731349664,0.8742492563021117,1.6666647169980822,8.333333333333334,1000000.0,84.85,3.0,1000.0,0.0,quick_check
397,0.39974776705455095,3.1894632193348973,-8.637168277383742,7070.258247889521,0.9121673754893804,0.9935020370590862,1.1768053296804617,8.333333333333334,1000000.0,84.85,3.0,1000.0,0.0,quick_check
398,1.5031987028816471,3.4746259390769674,4.217803535265114,7271.236034298184,0.9376370654284546,1.374950734413709,0.9198667567498633,8.333333333333334,1000000.0,84.85,3.0,1000.0,0.0,quick_check
399,0.2776220559297559,3.1401567411039095,4.048956090527534,6976.785378572186,0.9494798328529682,0.9788970121214227,0.9157386658311124,8.333333333333334,1000000.0,84.85,3.0,1000.0,0.0,quick_check
400,0.5116629085993439,3.6815409338883462,-7.267614827377212,7349.806750191022,0.9663756112187728,1.0315228454142065,0.9272181282406217,8.333333333333334,1000000.0,84.85,3.0,1000.0,0.0,quick_check
401,1.2048604989810865,3.077960353094988,-13.665369564347134,7317.281089501435,0.9522059512280002,1.1908999282392905,0.855508669431399,8.333333333333334,1000000.0,84.85,3.0,1000.0,0.0,quick_check
402,0.41573314008151735,2.347484169424567,4.196066307332325,7104.578417447581,1.0170201002270043,1.2521403409159364,1.061073611076041,8.333333333333334,1000000.0,84.85,3.0,1000.0,0.0,quick_check
403,1.0765969638166708,3.5568025712937916,6.783473753168074,7163.251430372538,1.1406223927361143,0.9746982456014858,1.4556200277717228,8.333333333333334,1000000.0,84.85,3.0,1000.0,0.0,quick_check
404,1.0895808226379742,2.9851613114254745,0.3657246103410241,7203.808365057465,0.871033219029325,0.7968145712834692,0.710327636636344,8.333333333333334,1000000.0,84.85,3.0,1000.0,0.0,quick_check
405,0.5581556853803129,2.9030047533597285,-8.82730543226611,7496.015843059936,1.067127339348776,0.7573307418200971,0.8028523629226108,8.333333333333334,1000000.0,84.85,3.0,1000.0,0.0,quick_check
406,0.6861324444796391,2.975231714252316,2.649511792042523,7253.328802159457,1.0084794197109475,0.9593986336621225,1.3536665472642304,8.333333333333334,1000000.0,84.85,3.0,1000.0,0.0,quick_check
407,1.0314946090408463,3.2405618396857316,-8.310095170278231,7406.425778649602,0.9828673018756703,1.2425019748227322,0.5945446941161363,8.333333333333334,1000000.0,84.85,3.0,1000.0,0.0,quick_check
408,0.8366188910730843,1.9975323715776654,-15.652394149335842,7075.777370775922,0.9860743067278952,1.2945406288483625,1.3043404611871219,8.333333333333334,1000000.0,84.85,3.0,1000.0,0.0,quick_check
409,0.6113074158062509,2.112489144714277,2.3469804949086415,7316.547452863107,0.9949140319196454,1.331753764481149,1.1967432621081224,8.333333333333334,1000000.0,84.85,3.0,1000.0,0.0,quick_check
410,0.7082409939393757,2.4583851700184973,-2.045180021650163,7223.000730979508,1.0662660337000267,1.3672770940892165,0.9980255248899126,8.333333333333334,1000000.0,84.85,3.0,1000.0,0.0,quick_check
411,0.6179043537603136,1.917114468308304,-6.247636509095996,7381.368539906271,0.8718635564643002,1.0058926542516236,1.1072298009287294,8.333333333333334,1000000.0,84.85,3.0,1000.0,0.0,quick_check
412,0.5512736895253072,2.794703463783566,-28.129053185181306,7192.758834623048,1.0207777595362462,1.1137839762168456,1.08591832755306,8.333333333333334,1000000.0,84.85,3.0,1000.0,0.0,quick_check
413,0.4801781382719593,4.4706537899892,-24.41650919864683,7335.369952038447,0.9343348400607828,0.8847339619395466,1.4266710601254848,8.333333333333334,1000000.0,84.85,3.0,1000.0,0.0,quick_check
414,2.7115387276792253,4.146372107413756,6.279312102878459,7224.7269621568885,1.1307712181153942,1.3688570422755517,1.2475451451332171,8.333333333333334,1000000.0,84.85,3.0,1000.0,0.0,quick_check
415,0.5741241698371563,3.206511084003631,7.4264854910425875,7252.804738411593,1.046602034526164,0.46690698489716914,1.0145829246059996,8.333333333333334,1000000.0,84.85,3.0,1000.0,0.0,quick_check
416,1.260168093277697,2.73361465311974,-13.289566447165242,7121.695499859121,1.0991496142156232,0.7294941721288346,0.8855391430837204,8.333333333333334,1000000.0,84.85,3.0,1000.0,0.0,quick_check
417,0.9460940917149497,2.0766988872489116,1.6499560433092177,7193.973075243148,1.1135370655873087,0.973218020733056,0.9552836678075477,8.333333333333334,1000000.0,84.85,3.0,1000.0,0.0,quick_check
418,1.6645410982110824,3.415838852886246,15.391625133985796,7398.6905714624,0.9765217010115681,1.8002321384490105,0.7717757842347502,8.333333333333334,1000000.0,84.85,3.0,1000.0,0.0,quick_check
419,1.2936517403473653,3.9366411416600977,0.15695659232464035,7009.856000864445,0.9903712844731997,0.9834997442033836,1.4650158853334236,8.333333333333334,1000000.0,84.85,3.0,1000.0,0.0,quick_check
420,0.5277025291161082,4.992264721082703,10.639553771226156,7137.7493932610305,0.9728027009580802,0.9746033450445003,0.8685851960724769,8.333333333333334,1000000.0,84.85,3.0,1000.0,0.0,quick_check
421,0.3192474484770533,2.7829619744441136,-9.682228709816336,7230.792908463294,0.9509948926127094,0.6934023332584645,1.3425264952275882,8.333333333333334,1000000.0,84.85,3.0,1000.0,0.0,quick_check
422,1.196546863828187,3.243874048820285,2.744204431918427,7022.932217667372,1.0100660252190798,1.591307939507227,1.0825879630824033,8.333333333333334,1000000.0,84.85,3.0,1000.0,0.0,quick_check
423,1.078643037184285,2.992995680331362,7.119568943078038,7297.023887960636,0.8663589974714248,1.4483656391677957,0.8582181626998204,8.333333333333334,1000000.0,84.85,3.0,1000.0,0.0,quick_check
424,1.6991487814832427,2.5578855205918876,-3.6914615444535883,7053.110371751517,0.9955591048625876,1.2323645450367833,0.7936934188091422,8.333333333333334,1000000.0,84.85,3.0,1000.0,0.0,quick_check
425,1.0458726468026391,2.5582566221951963,8.00626031271088,7359.93598766075,0.9934403692645445,0.9125559237694157,1.337421289601507,8.333333333333334,1000000.0,84.85,3.0,1000.0,0.0,quick_check
426,1.2951608921660975,2.391431682116141,-4.125294002152652,7273.02009982609,0.9094959066831925,0.8453490237667514,0.7482730975808092,8.333333333333334,1000000.0,84.85,3.0,1000.0,0.0,quick_check
427,0.41843353204053263,1.7207890294929427,-14.113015420068866,7145.036038541573,1.0121744842057705,0.9544165210346478,0.9544260058786044,8.333333333333334,1000000.0,84.85,3.0,1000.0,0.0,quick_check
428,1.1586318951003005,2.642797992576636,2.7940345068005596,7167.017938005245,0.9017264391354691,1.111560138785718,0.8629519440573569,8.333333333333334,1000000.0,84.85,3.0,1000.0,0.0,quick_check
429,0.7821519341296047,3.046215263332011,-0.32167774900145363,7312.642358952895,0.8681652813694865,1.5356714812676215,1.165069964779249,8.333333333333334,1000000.0,84.85,3.0,1000.0,0.0,quick_check
430,0.8782837780701697,3.3292295689356104,2.4966785307705606,7201.5660658532925,1.037479091925765,1.2416604854027629,1.3988152052498068,8.333333333333334,1000000.0,84.85,3.0,1000.0,0.0,quick_check
431,0.8401625418038392,2.7556071961999047,-2.8698668526523887,7184.490341906787,0.9453243322393018,0.8786241837096878,0.7432829897737068,8.333333333333334,1000000.0,84.85,3.0,1000.0,0.0,quick_check
432,1.2884305235286038,2.271726848024798,-0.6886665433493905,7482.051635750935,1.1005883308186462,1.113123202515592,1.0171397765647876,8.333333333333334,1000000.0,84.85,3.0,1000.0,0.0,quick_check
433,0.881579863510988,4.263824130733369,4.278780780201531,7097.878800711557,0.9164522755411281,1.0600643335698627,1.3993383775681212,8.333333333333334,1000000.0,84.85,3.0,1000.0,0.0,quick_check
434,0.6318786435225009,1.85974519046583,4.549116445984492,7378.171220168395,1.0553370931107628,1.0181874425412996,0.8478196818946634,8.333333333333334,1000000.0,84.85,3.0,1000.0,0.0,quick_check
435,1.3600596816878294,3.856664400663716,1.0377993330670734,7398.55770280375,0.9230843932132027,0.9901443652325727,1.4129606874379763,8.333333333333334,1000000.0,84.85,3.0,1000.0,0.0,quick_check
436,0.6098695867756677,3.3997161300557845,-16.41162172435353,7385.220580708439,0.973505447588226,1.194302442232062,0.7018467475921467,8.333333333333334,1000000.0,84.85,3.0,1000.0,0.0,quick_check
437,0.81717698882434,3.1064892141074916,-9.108500474138957,7322.276208776089,1.0792156235300503,0.9120416554923378,1.0188200846021898,8.333333333333334,1000000.0,84.85,3.0,1000.0,0.0,quick_check
438,0.379782647835806,2.160101226692248,10.410086960120237,7028.686644257575,1.119824066495969,1.0837093896795893,1.0163153476133067,8.333333333333334,1000000.0,84.85,3.0,1000.0,0.0,quick_check
439,0.6804010116021818,2.733474623517441,-3.0488764869393066,7218.594616807053,0.9776767719937544,1.3743856409558501,0.5896085591374574,8.333333333333334,1000000.0,84.85,3.0,1000.0,0.0,quick_check
440,1.844003736699722,3.9198983142910153,-0.5625180027151507,7171.103260353597,0.8245553985855576,0.927061962277107,0.9825460190686365,8.333333333333334,1000000.0,84.85,3.0,1000.0,0.0,quick_check
441,0.8540704092009039,2.1981287067741637,-7.70748655990133,6940.67697082722,1.0999617641131179,0.6827502736949146,0.826920996076229,8.333333333333334,1000000.0,84.85,3.0,1000.0,0.0,quick_check
442,0.5080990063949948,2.91936909434144,-9.38556863976139,7211.885775734554,1.0315083567984793,1.1205529227328317,1.1782550469017476,8.333333333333334,1000000.0,84.85,3.0,1000.0,0.0,quick_check
443,1.2939570328466334,3.105405814822727,7.237490607660591,6935.2361720094195,0.9002088318806217,1.423837376997197,0.6932312058649281,8.333333333333334,1000000.0,84.85,3.0,1000.0,0.0,quick_check
444,1.0867303859429929,2.9895689133766132,12.310212290095652,7129.786694248427,1.0485139386806752,0.9585487358926996,1.266703720033027,8.333333333333334,1000000.0,84.85,3.0,1000.0,0.0,quick_check
445,1.3809428305372897,1.0467932480369133,10.778603735022596,7194.521319539619,0.9533040333762727,0.749396916756027,0.9137408164993223,8.333333333333334,1000000.0,84.85,3.0,1000.0,0.0,quick_check
446,1.6720920073881824,2.8562108577540135,-16.060086534562032,7111.44517990302,0.8587372989915877,0.6410376425659163,0.9119419236021593,8.333333333333334,1000000.0,84.85,3.0,1000.0,0.0,quick_check
447,1.538799988212787,3.1189961026374937,16.249335821431774,7289.113037468891,0.851785633801882,1.398941029826909,1.502781360038534,8.333333333333334,1000000.0,84.85,3.0,1000.0,0.0,quick_check
448,0.9001330044159243,2.9982757150987513,-4.160140048005768,7438.152806423823,1.1611777440834128,1.189653594673355,0.9869742630309689,8.333333333333334,1000000.0,84.85,3.0,1000.0,0.0,quick_check
449,0.8842331358988137,3.46559248381015,8.447443535966814,7224.248699434614,1.0244835721232899,0.767925994341153,0.8083459290102883,8.333333333333334,1000000.0,84.85,3.0,1000.0,0.0,quick_check
450,0.5462280470161778,2.091519758223584,13.304284645345124,7482.264922354912,0.9295469332566135,1.3133816846277189,1.132196102401211,8.333333333333334,1000000.0,84.85,3.0,1000.0,0.0,quick_check
451,0.7871607966852125,4.031064395131564,10.977757060330992,7201.625086168298,1.030831507348644,0.8907519772512528,1.127401610160302,8.333333333333334,1000000.0,84.85,3.0,1000.0,0.0,quick_check
452,0.7249467861826878,3.304671218758225,-19.896435682231527,7195.464163816229,0.974794710737139,0.9488691113397036,0.8683491481189348,8.333333333333334,1000000.0,84.85,3.0,1000.0,0.0,quick_check
453,0.5605640820107913,3.9510552433110306,-8.099079782289309,7126.52457066431,0.9735903973894641,1.156461201771347,1.2801448329008123,8.333333333333334,1000000.0,84.85,3.0,1000.0,0.0,quick_check
454,1.0948057664080246,1.8179819556490737,-2.7585703715095193,7025.016899256081,1.0486392934882776,0.8358598089819912,1.0021786864464424,8.333333333333334,1000000.0,84.85,3.0,1000.0,0.0,quick_check
455,0.428915339884872,1.7926798050410662,-3.8306268920506863,7170.8520896476475,1.1926714962571687,0.8892092258752016,0.684293249682635,8.333333333333334,1000000.0,84.85,3.0,1000.0,0.0,quick_check
456,0.76896725288234,2.952041276588279,-10.321091987617644,7249.087439000602,0.9802372991661072,0.7629892236724972,1.3400857532291162,8.333333333333334,1000000.0,84.85,3.0,1000.0,0.0,quick_check
457,3.0990971279413664,2.6641713348766145,-13.58142843343157,7150.125972285371,1.0482369647135066,1.0045638951777596,0.7221470099237262,8.333333333333334,1000000.0,84.85,3.0,1000.0,0.0,quick_check
458,0.5824781207657039,2.1802909873240033,1.0722240270789882,7199.41132597511,1.0473226098887691,1.1628711154204252,0.9121050479541999,8.333333333333334,1000000.0,84.85,3.0,1000.0,0.0,quick_check
459,1.211474506874592,2.5821264369221004,-17.54418788339827,7264.864813756159,0.9827732750326916,1.0210434238672,0.9951953229405804,8.333333333333334,1000000.0,84.85,3.0,1000.0,0.0,quick_check
460,0.6914273465869218,4.585626623863698,8.136632198804016,7178.676896838772,0.9966027497191955,0.6070910024342623,0.9439277322101457,8.333333333333334,1000000.0,84.85,3.0,1000.0,0.0,quick_check
461,0.9894020702132534,2.751923392827362,-5.291104050906931,7260.237617390126,0.9967542651319066,1.4512616945043666,1.0816596186518546,8.333333333333334,1000000.0,84.85,3.0,1000.0,0.0,quick_check
462,0.6587294890075063,3.190808429695207,-9.224175869442652,7080.580507497634,1.003803028764352,0.799926496015956,1.2198228840305851,8.333333333333334,1000000.0,84.85,3.0,1000.0,0.0,quick_check
463,1.0034230775835078,2.654768064146149,-7.955136672287178,7237.571503507452,1.146523750553505,0.7620748580310798,1.1934603499185106,8.333333333333334,1000000.0,84.85,3.0,1000.0,0.0,quick_check
464,0.9031085894599489,3.3576539750615177,-11.170827669946812,7203.53944257092,1.1062102275849093,0.5459925592618464,0.7720599358150669,8.333333333333334,1000000.0,84.85,3.0,1000.0,0.0,quick_check
465,0.9417123212692979,1.7220501224478129,-7.8470040860421095,7305.2696817008855,0.9806078751837662,1.0867959583694742,0.8120897544779806,8.333333333333334,1000000.0,84.85,3.0,1000.0,0.0,quick_check
466,1.7885055676589576,4.531667729986548,9.893052672006915,7181.452903344249,1.0997912011687832,1.2700869217805721,0.9902469509934203,8.333333333333334,1000000.0,84.85,3.0,1000.0,0.0,quick_check
467,0.6019326239380347,2.9351943414558312,16.43593289006332,7239.260397312357,0.8932972647946686,0.963715208747654,0.9134068590668151,8.333333333333334,1000000.0,84.85,3.0,1000.0,0.0,quick_check
468,0.7156685900996334,2.416666000586003,11.791151104678413,6929.732571069801,1.0678530066057237,0.7863837391207154,0.7163689252212737,8.333333333333334,1000000.0,84.85,3.0,1000.0,0.0,quick_check
469,1.0673252600556378,2.8676658953782694,5.470873187297013,7217.299165766288,0.8622018447930115,1.3474277286702827,0.723953775835041,8.333333333333334,1000000.0,84.85,3.0,1000.0,0.0,quick_check
470,0.46735698562882794,3.1357884660044784,-3.312887900398151,7268.194310169358,0.7003161245962617,0.8972373834458087,0.8374920741804941,8.333333333333334,1000000.0,84.85,3.0,1000.0,0.0,quick_check
471,0.7252380465616364,3.2738724976782243,-6.7454373734418125,7264.102191931215,0.7866322579113263,1.0771739700303935,0.9373945537491207,8.333333333333334,1000000.0,84.85,3.0,1000.0,0.0,quick_check
472,1.0780275001146147,4.679918321870874,21.122104730193293,7192.3892016655855,1.2121044451400549,1.055227488941668,1.2650025702953098,8.333333333333334,1000000.0,84.85,3.0,1000.0,0.0,quick_check
473,1.0836734746058123,1.7264752193008674,-11.820720752975076,7248.797117474756,1.082953433425067,0.8977211400867368,1.2236620596009722,8.333333333333334,1000000.0,84.85,3.0,1000.0,0.0,quick_check
474,0.6150650006499964,3.5927919392029044,3.447323976249276,7453.25461039435,1.028537436699051,1.000497539717066,1.4360608632515222,8.333333333333334,1000000.0,84.85,3.0,1000.0,0.0,quick_check
475,0.3171280851527881,1.952214044768371,3.6807883529905165,7207.908797573286,1.1348098380256912,1.3061079329218368,0.8883473973259607,8.333333333333334,1000000.0,84.85,3.0,1000.0,0.0,quick_check
476,1.073114431421409,5.077082086272371,-7.107623182843604,7061.047700666831,0.8444430780952876,1.0227051718641023,1.1409152439971775,8.333333333333334,1000000.0,84.85,3.0,1000.0,0.0,quick_check
477,0.5533721966482372,2.467142133049422,9.342015156951561,7352.619333892221,0.9976760395839129,0.9882653211053191,1.0805947140120007,8.333333333333334,1000000.0,84.85,3.0,1000.0,0.0,quick_check
478,1.288539664622372,3.269324547798413,3.3986280605928503,7275.505145258897,1.0626171367558284,0.9196184653384061,0.930424526639451,8.333333333333334,1000000.0,84.85,3.0,1000.0,0.0,quick_check
479,1.8271503678143133,2.542033665887465,27.55108870144897,7181.266028223329,0.9254274617689877,1.0115628150767537,0.924318542587908,8.333333333333334,1000000.0,84.85,3.0,1000.0,0.0,quick_check
480,0.6338796584766443,2.0673887897621386,-1.2144152329089948,7227.59784737253,0.8484121527069717,0.8822610312207432,1.4044751837702307,8.333333333333334,1000000.0,84.85,3.0,1000.0,0.0,quick_check
481,0.42137478764192676,2.529435277229631,14.05486832807809,7127.787187582741,0.8163676849048294,1.0727038545562813,1.027991061620304,8.333333333333334,1000000.0,84.85,3.0,1000.0,0.0,quick_check
482,2.0621146996080775,3.249272895253173,2.372883188661158,6985.425376687561,1.0776073549761114,0.7201296084120408,1.0194637550622077,8.333333333333334,1000000.0,84.85,3.0,1000.0,0.0,quick_check
483,0.6065549747851525,4.038704044623742,5.8433069332720535,7405.234353898675,1.0710128096568488,2.123381281380136,1.2112610982194605,8.333333333333334,1000000.0,84.85,3.0,1000.0,0.0,quick_check
484,0.7388084927857089,2.9564278495782848,24.264155276851326,7156.129839916948,1.034018033591086,0.9095373542439804,0.9232166012410463,8.333333333333334,1000000.0,84.85,3.0,1000.0,0.0,quick_check
485,0.5579567090595519,2.7201610815209567,-10.507638253975633,7554.485950813809,1.0733169100777742,1.2841989548844848,1.1362786344258256,8.333333333333334,1000000.0,84.85,3.0,1000.0,0.0,quick_check
486,0.8982385043341677,2.77133847790386,-2.90286057761608,7191.065229136803,0.7741326883438641,0.8537594007887962,1.2852758818383656,8.333333333333334,1000000.0,84.85,3.0,1000.0,0.0,quick_check
487,0.6185120657374257,3.1949636200919134,15.892666059854523,7308.690080950858,1.135043628036019,0.7724586201358773,0.9524135028804559,8.333333333333334,1000000.0,84.85,3.0,1000.0,0.0,quick_check
488,0.9525088980166825,2.456892194168811,-3.4137651155305306,7191.133256034136,1.0395997185342807,1.3076378101960497,0.9722391558340203,8.333333333333334,1000000.0,84.85,3.0,1000.0,0.0,quick_check
489,2.026436655658625,3.6254753435290152,11.957640979238517,7321.399213872708,1.0686971298630246,0.9851627103674484,1.533143847308717,8.333333333333334,1000000.0,84.85,3.0,1000.0,0.0,quick_check
490,1.2206442439167482,2.045910798526548,7.733751474825045,7087.666859042607,0.9687548117895655,0.9689349740089138,0.8128008972492606,8.333333333333334,1000000.0,84.85,3.0,1000.0,0.0,quick_check
491,0.9369463659820447,4.118699041538111,-12.848548800123734,7220.9330781021745,1.151779249156102,0.6586396903104941,1.0053468523171032,8.333333333333334,1000000.0,84.85,3.0,1000.0,0.0,quick_check
492,1.0814001626265444,2.9992507114611326,16.102030469401505,7205.184758283102,0.9918447864612957,0.9792702275756542,0.9058149698611854,8.333333333333334,1000000.0,84.85,3.0,1000.0,0.0,quick_check
493,0.5557522207165502,3.5220076692815883,6.153890923525252,7170.99937298895,0.9593420572182788,1.546380904843382,1.1844325299423777,8.333333333333334,1000000.0,84.85,3.0,1000.0,0.0,quick_check
494,0.8474055596248785,3.4467124615913463,0.586298614051214,7132.4606175850895,1.0342763520852458,1.032632199597312,1.185084215195156,8.333333333333334,1000000.0,84.85,3.0,1000.0,0.0,quick_check
495,0.6861938306243383,3.0392214921010816,-10.497632013753048,7240.501220541136,0.9581238959063847,1.043322074920303,1.0148528034479216,8.333333333333334,1000000.0,84.85,3.0,1000.0,0.0,quick_check
496,1.8377600949222048,2.8626753702565275,-11.1341725093561,7182.768106527064,1.0352621734941612,1.2175670536131746,1.263874991153037,8.333333333333334,1000000.0,84.85,3.0,1000.0,0.0,quick_check
497,1.0835669300913975,3.287478358481989,-20.14316824242421,7230.999829950715,1.1865911196578354,0.883297637469348,1.2112045686775512,8.333333333333334,1000000.0,84.85,3.0,1000.0,0.0,quick_check
498,0.48798463595791,2.3242866228826813,4.398076036002379,7213.662650447988,1.075134410259208,1.3325923471380006,0.974401255842018,8.333333333333334,1000000.0,84.85,3.0,1000.0,0.0,quick_check
499,1.1253772002047726,3.404256009237544,7.0514585493732165,7045.1286887191445,0.9884326423342874,0.7653243227268021,1.0531499967377569,8.333333333333334,1000000.0,84.85,3.0,1000.0,0.0,quick_check
500,0.79038459634966,3.366621979405344,-8.739684213069939,7335.8801587501175,0.9521963091912188,0.874501086203709,0.8007475945968917,8.333333333333334,1000000.0,84.85,3.0,1000.0,0.0,quick_check
