sample_id,concentration_Bq_m3,net_signal_counts,total_signal_counts,threshold_counts,detected,time_to_detection_s,localization_error_m,run_name
1,0.0003108377941237978,269.8763032136796,7625.59277983183,7610.266476618151,True,318.69961354011014,12.353815661629916,quick_check
2,0.00013605228894872303,133.5718444305273,7376.32285756436,7497.301013133832,False,,95.38270375994108,quick_check
3,0.0005084130385095984,486.7405689337618,7653.442509366604,7421.251940432842,True,482.55691843806744,67.81759358107088,quick_check
4,0.00014477934011745692,139.8956916318477,7411.713578069003,7526.367886437156,False,,7.24694915248258,quick_check
5,0.0004197796090691869,395.7863208865484,7593.4424455005465,7452.206124613998,True,351.3433940156932,89.31179214785027,quick_check
6,0.00031785367579687196,341.777365944765,7521.526963659519,7434.299597714755,True,484.05673928824064,89.98000786846671,quick_check
7,6.753806842870545e-05,59.38176818846466,7100.15687650595,7295.3251083174855,False,,58.79278001443692,quick_check
8,0.00020585310048804308,208.123084419678,7573.306855949453,7619.733771529775,False,,23.439891816020108,quick_check
9,0.0002875697056204902,324.22444892029506,7728.380512597726,7658.706063677431,True,399.35114671004277,12.906558146738787,quick_check
10,0.0010488936136765403,1108.3954105395737,8354.441119210063,7500.59570867049,True,382.6533515227596,14.58398163628146,quick_check
11,0.00040999417832970816,419.5982468524411,7498.589034213823,7333.540787361382,True,539.588113300188,70.72947909794712,quick_check
12,0.00010678960344568965,93.98745930717286,7432.898043053368,7593.460583746196,False,,17.868621923791792,quick_check
13,0.0004992323572351318,521.1755611294661,7744.621270525029,7477.995709395563,True,312.14943695763645,16.046102762526722,quick_check
14,0.0003109816200579302,315.6514533110796,7414.307396934659,7353.2059436235795,True,479.7588159397414,31.477138422664325,quick_check
15,0.00036084697966804705,370.5039638240383,7610.114980292127,7494.161016468089,True,291.19065091827804,75.77181896080458,quick_check
16,0.0002798025098189063,282.1860915882194,7541.794507775689,7514.15841618747,True,310.078937934373,51.712111171433044,quick_check
17,0.00026461887378799296,245.3555978194711,7462.867387612863,7472.061789793393,False,,94.20656561888548,quick_check
18,0.00013749121809889417,132.09430721642858,7267.935596870289,7390.391289653861,False,,36.16075272223798,quick_check
19,0.0003423188496670824,365.40259533214754,7727.187625248418,7616.33502991627,True,356.0611823794789,43.94415484004214,quick_check
20,0.00022147874899039027,249.0571468885633,7339.770071054656,7345.2629241660925,False,,11.101978055553346,quick_check
21,0.00043131380806554634,432.7619239374683,7643.261458078407,7465.049534140939,True,291.19675909392026,33.11848550400457,quick_check
22,0.00037027698180073685,381.9625017514814,7569.380099059803,7441.967597308321,True,313.07582806826105,28.937283214213,quick_check
23,0.00016432032962468903,149.7689862244664,7545.6994569997205,7650.480470775255,False,,48.949937124957984,quick_check
24,0.0006325007037089852,535.7725814089187,7874.388212419261,7593.165631010343,True,561.0688919886403,60.25446169999022,quick_check
25,0.00024076429437144524,240.75076047604648,7732.91534694612,7746.714586470073,False,,34.844338494264875,quick_check
26,0.0001749449336763314,163.71958060982493,7328.208385683615,7419.03880507379,False,,28.13703989767836,quick_check
27,0.0001888148379786246,163.5688423209045,7465.853472296393,7556.8346299754885,False,,29.350211716627964,quick_check
28,0.0002446717058989813,273.20576867789345,7246.267828362967,7227.612059685073,True,214.75146918638862,61.968393068537935,quick_check
29,0.00041737812438441655,418.34499970628644,7770.629143232955,7606.834143526669,True,361.8953522741931,21.589945053288602,quick_check
30,0.00016789909117237138,156.02087353303605,7536.878781482344,7635.407907949308,False,,31.698687192138372,quick_check
31,0.00037742299342081906,402.04737388437735,7505.40158760683,7357.904213722452,True,645.0989206335454,85.97907863857301,quick_check
32,0.0003147245565715466,301.70084050017897,7452.899388975022,7405.748548474843,True,494.4290134287786,59.81152281547084,quick_check
33,0.0002871096796084121,282.09928591641534,7690.62005117223,7663.070765255815,True,280.10864616385123,19.852853046975934,quick_check
34,0.0003082869398994805,277.6079286721333,7456.552268859415,7433.4943401872815,True,262.03805444625044,11.938012871393154,quick_check
35,6.496635837715505e-05,63.43857315043931,7241.507756650605,7432.619183500166,False,,58.18021737118585,quick_check
36,0.0001706757741820208,142.75739953299362,7503.769053675115,7615.561654142121,False,,58.724563266640914,quick_check
37,0.00035212420759491564,341.60656188540264,7417.2069910624805,7330.150429177078,True,345.9540447547993,22.38009722546782,quick_check
38,0.0007133507087994385,725.3972995395195,7981.3389804003755,7510.491680860856,True,325.5690540969409,28.574102688863334,quick_check
39,0.00033324229603719045,287.75492082949347,7633.07251995843,7599.867599128937,True,242.5426837339711,98.77770161590236,quick_check
40,0.0007180330002452275,622.7836759422751,7926.411076768047,7558.177400825772,True,319.02931269672115,15.58582973179127,quick_check
41,0.00014100932957501725,133.97819928114643,7472.094015683629,7592.665816402482,False,,13.32795960259794,quick_check
42,0.00022520221868800732,220.06134140623695,7720.883033829577,7755.3716924233395,False,,14.173595033509354,quick_check
43,0.000130644912362431,117.41083839087224,7229.640682067294,7366.7798436764215,False,,102.33312572667279,quick_check
44,0.0005826118643461088,633.6659446540784,7624.226191711496,7245.110247057417,True,394.1551474996456,4.056003229840318,quick_check
45,0.0003589889295247054,344.7476177983011,7560.974182087417,7470.776564289116,True,273.76307973636114,8.83189194134736,quick_check
46,8.180403626222086e-05,89.39283790290544,7182.73359330581,7347.890755402905,False,,68.91046157174046,quick_check
47,0.00024671566722837346,226.83565780884834,7416.464693127391,7444.179035318542,False,,54.24660290179402,quick_check
48,0.00011596299747938313,120.35169150813388,7167.210289101861,7301.408597593728,False,,58.92380532051537,quick_check
49,0.0005876134466815621,602.2063487063789,7762.539791483914,7414.8834427775355,True,416.131580790154,73.83128733818718,quick_check
50,0.0004981728800570645,419.22023529508,7801.610317771659,7636.940082476579,True,461.27043182185247,56.78079507352113,quick_check
51,0.0004724648840868369,487.75345320855445,7658.078075525465,7424.87462231691,True,882.4980162841293,127.05741139702295,quick_check
52,0.0003334129594788658,336.73911366748047,7624.183254783034,7541.994141115553,True,357.21695583614485,28.15406924083682,quick_check
53,0.0001822933561673075,210.9571573814091,7360.033905725832,7403.626748344423,False,,62.21480333373403,quick_check
54,0.00023984161247018717,240.4267876384236,7346.121652301764,7360.24486466334,False,,24.258067498040557,quick_check
55,0.00045282830687346767,492.86964036185196,7739.47074807179,7501.151107709938,True,374.24192967431185,35.416969656642614,quick_check
56,0.00045241131635577307,444.81544099353124,7380.853418852247,7190.587977858716,True,417.27963893639276,25.880949987241696,quick_check
57,0.0006109661853468451,637.5798435869244,7896.359834397655,7513.32999081073,True,612.5104814873179,45.413778815488136,quick_check
58,0.00032214654536734627,295.39917638291035,7592.904585684319,7552.055409301408,True,331.44597933300986,51.774584592762025,quick_check
59,0.0002525975197705149,284.87874561675596,7290.683659504484,7260.354913887729,True,308.0184742391851,67.81885090120946,quick_check
60,0.0004574606455937477,425.0256446968648,7566.4596702737945,7395.9840255769295,True,391.4892596839124,37.4933105201119,quick_check
61,0.00025460019774655135,254.44234397801415,7347.774188894121,7347.881844916107,False,,33.143730135558485,quick_check
62,0.00037741089838234124,440.9137988048996,7454.732362008478,7268.368563203579,True,299.67851412271864,31.424134531382425,quick_check
63,0.00020896515319848724,200.98247295594683,7588.952049192634,7642.5195762366875,False,,25.02024146148363,quick_check
64,0.0001378258937821379,132.86236986537963,7406.975423193517,7528.663053328137,False,,13.270380403726842,quick_check
65,0.0003866629593106349,323.5758935862307,7542.139892403512,7473.113998817282,True,368.7660193375804,41.836034492624364,quick_check
66,0.0005171490409160525,523.0211257017061,7566.043880628793,7297.572754927087,True,303.5384289908258,3.4542791543680345,quick_check
67,0.0007379743797437757,762.1068942861933,7918.612284442164,7411.0553901559715,True,327.54396582628834,27.866227641589127,quick_check
68,0.00021446633200471483,187.2940735645477,7224.251983716411,7291.507910151863,False,,25.700854328457037,quick_check
69,0.0005222548172097074,566.6910656569019,7719.871022795323,7407.729957138422,True,394.14638179714456,68.03578808325247,quick_check
70,0.0001310257977093292,123.45021458257011,7284.453054019206,7415.5528394366365,False,,4.412078348041613,quick_check
71,0.0006269825525890897,657.5840023593906,7703.601611531505,7300.567609172114,True,328.7998626744875,42.054536455639614,quick_check
72,0.00026580655850269846,261.8481042009565,7498.296518259382,7490.998414058426,True,283.6760788756131,58.43073809161916,quick_check
73,0.00018107531432589344,200.11144011354278,7491.056331344908,7545.494891231366,False,,22.92598026329916,quick_check
74,0.00032695344737689497,309.26072783794376,7450.557000184975,7395.846272347031,True,379.35557039629896,28.77539491980073,quick_check
75,0.0004189436373794072,382.20748085129134,7434.8811190178585,7307.223638166567,True,312.8195806522159,17.66186708546297,quick_check
76,0.00023357306476520735,230.41594840631754,7356.041949619544,7380.176001213226,False,,66.84382026341814,quick_check
77,0.00023326579702006697,236.8122504253916,7434.791173641403,7452.528923216011,False,,40.06027888227677,quick_check
78,0.0002188608438245163,245.14197381748033,7681.866483988342,7691.274510170862,False,,45.6374529741054,quick_check
79,0.00046895713389875145,475.86111469044044,7762.037825162265,7540.726710471825,True,485.3797946902759,113.34805381959328,quick_check
80,0.0003363867084297669,313.9980004509607,7432.287984615461,7372.8399841645005,True,264.3310584908077,6.272035095340891,quick_check
81,0.00032337115979625113,406.0921986418921,7648.992267429365,7497.450068787472,True,348.2916724710435,7.976156511846474,quick_check
82,0.00013025685304795823,138.171652971638,7354.000184330546,7470.378531358909,False,,39.60115910756643,quick_check
83,0.0006923972254051794,689.229024844651,7800.967297576452,7366.288272731802,True,474.36439715229005,61.019825956240766,quick_check
84,0.0004339401407928177,399.97129992242463,7526.326044127146,7380.904744204721,True,259.70018053524797,74.00466307348603,quick_check
85,0.00029072666286976927,296.5630237046235,7565.098883438886,7523.085859734263,True,355.34282245344446,8.828517641479042,quick_check
86,0.0004182844237029669,409.71888237422354,7639.395904210913,7484.227021836689,True,341.0102106210035,90.02280297567359,quick_check
87,0.00021020115038702605,195.63893496531466,7568.056199935329,7626.967264970014,False,,34.0284037843149,quick_check
88,0.0003458990138824805,355.09748163152466,7697.84181370648,7597.2943320749555,True,276.769008337218,51.17447535488383,quick_check
89,0.0025058612214118123,2674.8793552620514,9729.848572415684,7309.519217153633,True,907.0085136652693,14.043934918814244,quick_check
90,0.000492076965382972,501.73412566298214,7606.6168922018505,7359.432766538868,True,301.87378678741965,65.28248593858135,quick_check
91,0.0002866335124808132,256.22049290789187,7544.680529322157,7543.010036414265,True,347.0871491954652,42.50311593489101,quick_check
92,0.0003623307681032064,383.7464185477292,7542.434703784385,7413.238285236656,True,375.01774525327676,6.894372108184911,quick_check
93,0.00025343821000834327,231.42915047204139,7423.983324226959,7447.104173754918,False,,111.12177969660189,quick_check
94,0.0007166917998631292,748.4861394282303,7859.45726086441,7365.52112143618,True,295.1080621857051,26.91316034394721,quick_check
95,0.0001239490135289185,103.84606397221991,7252.597419026533,7403.301355054314,False,,48.983579075264785,quick_check
96,0.00014455132748440662,146.82214610142336,7445.9775206598415,7553.705374558418,False,,49.86452952648454,quick_check
97,0.002246901682115294,2354.507627832428,9585.70062103063,7485.742993198202,True,692.7452309160586,77.44002527659856,quick_check
98,0.0006905905197284557,757.4251522027077,8035.442501515678,7532.56734931297,True,278.8439645689517,19.847317888472375,quick_check
99,0.00034519945304642386,325.9203696189725,7641.970110266196,7570.599740647223,True,281.9102290411112,62.006181175013495,quick_check
100,0.00046045396459048246,461.7062275829878,7502.987382472046,7295.831154889059,True,330.2777394149792,39.09799282068981,quick_check
101,0.0005206122388708053,534.2667799771009,7762.527388021147,7482.810608044047,True,333.7088084653654,43.67907715376417,quick_check
102,0.00036519655908178475,387.40084994259576,7611.258113627937,7478.407263685342,True,368.95353858426523,61.57663853788276,quick_check
103,0.0002978329523621771,285.45691238399144,7551.383039657026,7520.476127273035,True,362.8809301867739,110.37251861470484,quick_check
104,0.00034613625432410315,371.31622651584735,7694.459676700304,7577.693450184457,True,480.19482502252885,8.973222354969385,quick_check
105,0.0001238978121850209,121.95377374058484,7318.828032085726,7451.424258345141,False,,70.65140301173436,quick_check
106,0.0007243513094406038,662.9624800284339,7727.293449471411,7318.880969442977,True,352.5543614408442,28.54050603987573,quick_check
107,0.00015791421009117248,162.88419965127775,7468.205827382945,7559.871627731668,False,,12.304580136591065,quick_check
108,0.0008868739091503133,779.5537550643154,7799.042715835919,7274.038960771603,True,374.7229145579891,49.48913014057753,quick_check
109,0.0007375894780099454,691.9670433513685,7801.046195365167,7363.629152013798,True,277.74702656292476,57.402278096671026,quick_check
110,0.00013302433707017912,141.3865170312906,7156.992923010906,7270.1564059796165,False,,87.69617322557148,quick_check
111,0.00021818438751032806,213.10871218418913,7580.122281327907,7621.563569143718,False,,51.74450332742178,quick_check
112,0.00024081203272920048,298.7760548874067,7200.880770065683,7156.654715178276,True,377.7726259377346,34.02374169456631,quick_check
113,0.0002449583881027862,243.70550669558077,7520.977690852412,7531.822184156831,False,,101.44485033203496,quick_check
114,0.0001299030782734498,140.89168044621533,7246.064806082668,7359.723125636453,False,,40.78285878206183,quick_check
115,0.0005213107288919732,481.02983917080934,7701.7888227129515,7475.308983542142,True,388.47238479064185,11.700365417338755,quick_check
116,0.00032203982885795247,339.2211463901346,7412.943829842543,7328.272683452408,True,425.44820546577307,35.27920872389585,quick_check
117,0.00027326127394279527,268.17822553051263,7511.627070468095,7497.998844937582,True,311.48185589259043,12.722909464859692,quick_check
118,0.00021436560127039718,210.08879256038134,7255.087779994392,7299.548987434011,False,,27.484174533532382,quick_check
119,0.0004728392120141014,532.10975351587,7685.542073126464,7407.9823196105945,True,618.9677344249969,17.88737476678345,quick_check
120,0.000315001263846819,292.72581358662325,7475.553212184254,7437.377398597631,True,326.3873559245756,32.38468384136215,quick_check
121,0.0006059735340057381,561.4765914419929,7923.60072507525,7616.674133633257,True,317.5983779772772,75.91955882024251,quick_check
122,0.0003349246302281509,352.96512964456315,7695.726808454896,7597.311678810333,True,374.86010345364315,29.845308449183733,quick_check
123,0.0005179251669444053,576.327236989443,7998.023238210053,7676.24600122061,True,247.03114832102577,57.016192635230084,quick_check
124,0.0001337233101072765,128.93272725445354,7179.736892950727,7305.354165696274,False,,3.360710532294701,quick_check
125,0.0004498857398498525,442.62701597048414,7556.456604812477,7368.379588841993,True,422.80090667520017,59.17804844389286,quick_check
126,0.0005825478422697336,606.1519722187361,7754.364976038002,7402.7630038192665,True,268.07523451139605,14.40447956648154,quick_check
127,0.00033728353398272155,350.59354965462734,7559.663695653713,7463.620145999086,True,261.1443914276069,17.80983674210093,quick_check
128,9.878960986944893e-05,87.47892283546403,7315.451832531816,7482.522909696352,False,,32.552938489813286,quick_check
129,0.0007347839239057856,742.9423759958393,8012.814851132191,7524.422475136352,True,413.00150487190024,45.7631713572814,quick_check
130,0.00023584517131873002,234.97381720130295,7491.380901007829,7510.9570838065265,False,,3.496849102929396,quick_check
131,0.000535150285525415,691.2829266138529,7880.551475707982,7443.81854909413,True,295.87142251647197,80.33694239575051,quick_check
132,0.0005338746077625867,537.3900939656597,7852.855228893781,7570.015134928121,True,455.65727343250603,66.45005084015273,quick_check
133,0.0003765696445215913,315.05570969880495,7419.81793535239,7359.312225653585,True,272.0040613254006,9.763949577011358,quick_check
134,0.00044380575948937165,399.3926959628266,7551.857418173587,7407.01472221076,True,345.41007388363187,31.226033518561533,quick_check
135,0.0002733766712194203,250.24433336949707,7524.022923155296,7528.328589785799,False,,20.65189526782911,quick_check
136,0.0007909937221691089,715.2129775909675,7991.291219172794,7530.628241581826,True,357.51126114679954,70.73948838123273,quick_check
137,0.00035954586821251936,349.4786484397814,7671.930413421851,7577.001764982069,True,247.45800517646515,15.720849474294809,quick_check
138,0.00044907480569773,572.1837518216103,7884.045005269132,7566.4112534475225,True,333.67426333695084,8.118013404129243,quick_check
139,0.0003662726752023439,344.4271729570626,7552.144602210766,7462.267429253703,True,271.162130045702,30.094015476300157,quick_check
140,0.0004252853698677969,366.0027191314832,7597.988084080755,7486.535364949272,True,487.5106628371708,55.77162367087805,quick_check
141,0.000310671097415028,329.6923265406582,7441.94406515019,7366.801738609532,True,707.1608557026983,10.68179591145174,quick_check
142,0.0003134850969381346,259.8754604653137,7472.085106830453,7466.759646365139,True,290.76515748993086,27.436531989999253,quick_check
143,0.00024620589011021415,244.0859739348756,7630.0769170294125,7640.540943094537,False,,98.17863252043426,quick_check
144,0.00022971506436581852,240.15107623977528,7523.799836795058,7538.198760555282,False,,7.562363638341902,quick_check
145,0.001006235960253988,990.6372189343405,8106.925182443365,7370.837963509025,True,408.57651224223997,36.91456162169255,quick_check
146,0.0005236743896736155,492.59527906828254,7607.14214351331,7369.096864445028,True,300.0750951554579,34.54781959319922,quick_check
147,0.0001628676834850798,158.83481176234497,7472.863313729075,7568.578501966731,False,,39.06275542686787,quick_check
148,0.0005108578484842007,572.7808431830482,7866.281722598016,7548.050879414968,True,321.4730270832672,41.03175037410866,quick_check
149,0.0007511662915779121,744.5356812146437,7827.244169643065,7337.2584884284215,True,402.39523700442106,88.98135692825468,quick_check
150,0.0003055995262854733,246.41888862180232,7485.8625986286615,7493.993710006859,False,,30.295300647545453,quick_check
151,0.00025526496103199395,259.2993959489555,7410.732475050233,7405.983079101277,True,357.93597094238754,85.47614213917558,quick_check
152,0.0006141499354524425,534.9009038254576,7556.019716007406,7275.668812181949,True,276.9399172327634,19.658147010793726,quick_check
153,0.00020998246939351404,223.44578013289146,7472.693663019068,7503.797882886176,False,,51.92057403442943,quick_check
154,0.0001953148294336687,173.11910880815856,7560.674082516798,7642.10497370864,False,,26.277318031186216,quick_check
155,0.0004660738149495028,416.42090196484594,7792.358653846793,7630.487751881947,True,356.87451492282736,9.571227530840996,quick_check
156,0.0005216102178317352,531.590487806868,7783.683762096821,7506.643274289953,True,349.3318410080872,107.74140264193903,quick_check
157,0.000489104875448951,482.13474072699586,7753.584331965213,7525.999591238217,True,373.42424906884565,37.74383976063226,quick_check
158,0.0003457467993144706,296.8183062923853,7353.818972939813,7311.5506666474275,True,428.2316972883384,73.75018404959376,quick_check
159,0.0006098986665414989,626.4387949952128,7875.715714996458,7503.8269200012455,True,656.2053125316916,88.46881091061701,quick_check
160,0.00019119273505013214,201.34011145254738,7249.715060315461,7302.924948862914,False,,65.90889062945448,quick_check
161,0.0003136049274846133,315.5902912521008,7458.297277478339,7397.256986226239,True,346.15464037892565,78.06432840520336,quick_check
162,0.00013543462778429162,156.52232765873677,7401.427770195238,7499.455442536501,False,,22.005580425114303,quick_check
163,0.00024433746086110114,220.81959702723503,7369.212316420577,7402.942719393342,False,,7.368925827440002,quick_check
164,0.000203797918746652,191.59349281985624,7444.569912188252,7507.526419368396,False,,43.02451457012659,quick_check
165,0.00027918826058468115,276.25717832262075,7380.980696691218,7359.273518368598,True,323.7319261096819,73.67645796030762,quick_check
166,0.0005042721040140502,545.8149577938347,7790.108393935142,7498.843436141307,True,262.3666339639043,33.1804732299597,quick_check
167,0.0001635379935082976,155.64255899215524,7614.1174611212255,7713.02490212907,False,,29.289739401966134,quick_check
168,0.00023291830207026315,275.6756503575435,7636.540311787618,7615.414661430074,True,309.5041730315104,44.73386805931458,quick_check
169,0.00042166874612911177,394.76429210453426,7814.446345313921,7674.232053209386,True,498.8849963751527,32.18130159289586,quick_check
170,0.0007735890774261897,772.8862509888797,8162.586040481853,7644.249789492974,True,307.45687509656074,22.45373458556619,quick_check
171,0.0008714187928835469,918.5577201782554,8224.27837753512,7560.270657356864,True,307.64461005722234,80.62623215354482,quick_check
172,0.00044082649615734173,451.53351295341236,7613.427762872308,7416.444249918896,True,273.2104520118657,17.997806154220875,quick_check
173,0.0004696236245532557,456.9656203529362,7785.380896585102,7582.965276232167,True,381.97809689308747,32.597557058553335,quick_check
174,0.0006684068527243798,693.268947713071,7833.73635908709,7395.0174113740195,True,444.7026467095997,17.593207461478922,quick_check
175,0.0003844700702811696,324.26008326102124,7315.557505713435,7245.847422452413,True,371.4267393657318,63.44532595027164,quick_check
176,0.00011578399062586903,102.91747509930401,7210.330809092582,7361.963333993278,False,,54.104942218772266,quick_check
177,0.00025290247147038704,260.87395998676834,7408.425949101445,7402.101989114677,True,353.9282166279776,86.95365091849573,quick_check
178,0.000691019288958316,505.22966790104977,7762.992276502785,7512.3126086017355,True,324.1536367230732,33.644539055645126,quick_check
179,0.0002503798331886767,244.25042736261403,7498.817183343308,7509.1167559806945,False,,64.09874542593482,quick_check
180,0.00023589592581079634,246.03054599850196,7699.318238407316,7707.837692408814,False,,134.77956792450934,quick_check
181,0.00018786167228713319,182.198527693946,7421.647207051917,7493.998679357971,False,,95.98670148113314,quick_check
182,0.0002831386217589523,283.662052753882,7271.556556103241,7242.444503349359,True,284.2434362098928,18.693668999323407,quick_check
183,0.00013615983989666175,148.8492520823947,7239.543385699657,7345.244133617262,False,,40.18081562064242,quick_check
184,0.00025482433989856346,275.69425043888674,7737.54634475511,7716.402094316223,True,368.6227213104294,47.77636278972678,quick_check
185,0.0010278003998341878,957.6074533193688,8252.493014245443,7549.435560926075,True,732.8921114175498,89.41599663940093,quick_check
186,0.00035585403158546093,403.8190732716818,7591.531968601963,7442.262895330281,True,336.29590128919216,74.69592685095122,quick_check
187,0.00022718221670172344,237.1896638373901,7619.627582458535,7636.987918621145,False,,74.87009306859896,quick_check
188,0.00023862737836486558,257.07704961588684,7660.4225024367,7657.895452820813,True,343.9762570569659,73.81722725357028,quick_check
189,0.0002917065872300068,247.87595372073872,7500.384647281092,7507.058693560353,False,,8.29726714011619,quick_check
190,0.0004885494225989652,481.94316362230023,7478.725637940283,7251.332474317984,True,234.2632630623129,14.137302833162307,quick_check
191,0.00030049753949749355,328.3088550075984,7482.773216289045,7409.014361281447,True,301.23977344617606,66.95962084931787,quick_check
192,0.00023689282902543776,221.35527859579062,7335.912617676688,7369.107339080897,False,,40.15931681427604,quick_check
193,0.0004331589308629412,431.74526220379056,7592.925682177231,7415.73041997344,True,425.1940986701093,3.6186729944026084,quick_check
194,0.000626180524923102,608.4136778257778,7639.842818372563,7285.979140546785,True,687.8054418494564,18.240780968486852,quick_check
195,0.00023562221168888918,247.8156540694456,7557.687875038963,7564.422220969518,False,,73.09738615949978,quick_check
196,0.00018302504926144097,168.12891058180094,7307.490603142529,7393.911692560729,False,,58.571150835614425,quick_check
197,0.00023630585105622012,190.26668026857016,7248.15743172364,7312.44075145507,False,,126.69644863392296,quick_check
198,0.0005247491727675704,594.5202417839839,7974.553676611015,7634.583434827032,True,306.2789924461308,37.88307746520475,quick_check
199,0.00016386185912042103,183.38682221542334,7365.270330767534,7436.433508552111,False,,81.72060628928028,quick_check
200,0.00022741248258097488,219.25587406067828,7442.420869453459,7477.714995392781,False,,61.70789890263576,quick_check
201,0.0004980095542453274,497.06705750184693,7641.544653739686,7399.027596237839,True,386.933220326762,76.24734064589938,quick_check
202,0.0005077205070708713,518.3069870506323,7680.067514396237,7416.310527345605,True,257.4936824801351,25.31412323798918,quick_check
203,0.0005336227674913301,493.52653498634373,7436.716825095992,7197.740290109648,True,771.1692792585364,34.75356360761901,quick_check
204,0.0002492941784173757,225.52936568257346,7450.81301646986,7479.833650787286,False,,65.53624762370299,quick_check
205,0.0002565526467303165,249.03194312713424,7475.2833785599305,7480.801435432796,False,,24.710800279413743,quick_check
206,0.00012397636449076595,92.16021712330001,7303.619216504832,7466.008999381533,False,,54.44184058696427,quick_check
207,0.00040978976062346263,396.64250586235096,7682.968522980247,7540.8760171178965,True,356.56113883281836,30.338749390430003,quick_check
208,0.00040193528789502034,379.737127086506,7335.603094341197,7210.415967254691,True,390.65947781595816,65.57137788457567,quick_check
209,0.00022553775143116641,214.51659336169675,7357.623611627771,7397.657018266075,False,,56.41589991758883,quick_check
210,0.0003256473337599276,350.537325985711,7672.191450438472,7576.204124452762,True,250.74936651907387,48.47320277213468,quick_check
211,0.000500853628727542,469.80284738820006,7680.338926318429,7465.086078930229,True,240.03679782086644,93.89601891743781,quick_check
212,0.0004101020491535338,430.44621833168816,7507.893699796038,7331.99748146435,True,437.59799399946746,50.008304111067076,quick_check
213,0.0003667257727206386,356.53902144909824,7577.0744266494785,7475.085405200381,True,596.426369801397,31.00331546466741,quick_check
214,0.0003283118921396011,337.42624494290436,7324.45152442707,7241.575279484166,True,260.41040758552055,97.87709522076918,quick_check
215,0.0024132064573218486,2231.6637650882617,9266.914050306865,7289.800285218604,True,444.3376821059364,147.53993323437373,quick_check
216,0.00045444761147201746,448.5618135001757,7488.59493808562,7294.583124585444,True,287.4925305828982,45.13474341257057,quick_check
217,9.95932606982199e-05,115.75229052489478,7420.630377378383,7559.428086853488,False,,28.266945353128868,quick_check
218,0.00021040992437127123,209.71339261892945,7499.584499513128,7544.4211068941995,False,,70.21911021314924,quick_check
219,0.0007962759135652427,805.7297612744298,7948.694122693785,7397.514361419356,True,604.1686193485777,70.11513114657767,quick_check
220,0.00022356483748190784,225.89441330772772,7428.723418649324,7457.379005341597,False,,14.525583955454346,quick_check
221,0.00019899810059559932,226.6484657388903,7444.2400098211165,7472.141544082227,False,,53.29329331847418,quick_check
222,0.00015575052335851136,148.1788693560008,7324.511837785475,7430.882968429474,False,,40.70756448718043,quick_check
223,0.00013985192663194156,137.97053508313135,7506.254828123325,7622.834293040194,False,,36.85130278715821,quick_check
224,0.0007146541673828216,765.5618097063883,7986.367309866325,7475.355500159937,True,395.3500832394427,52.95734058322906,quick_check
225,0.0004344720353671309,437.6898745590517,7578.703577064039,7395.563702504987,True,408.04404904717734,65.65334404475382,quick_check
226,0.0002576192005024761,284.47405156677064,7391.679209938633,7361.755158371862,True,331.4230697275966,60.206950479674276,quick_check
227,0.0006599815698818136,751.1186932536957,7797.728136218737,7301.159442965041,True,333.85207665719537,24.085550018255027,quick_check
228,0.00018817188978663825,193.55400769407115,7397.149783679023,7458.145775984952,False,,68.77260902970202,quick_check
229,0.00031235946646676914,273.97040390965753,7458.533094488113,7439.112690578456,True,323.8494578087751,79.38343747244303,quick_check
230,5.432763903284412e-05,58.64055246885275,7185.382219611817,7381.291667142965,False,,14.064844463117062,quick_check
231,0.0006001957113511264,679.643467082531,7837.5360693969415,7412.442602314411,True,537.3521228593462,56.04877957266149,quick_check
232,0.0012097932261594315,1189.5275590812644,8243.917476611587,7308.939917530323,True,453.4612230749625,20.061909384872674,quick_check
233,0.0002346238562339743,230.30743605321524,7456.819376474644,7481.0619404214285,False,,7.21095047900938,quick_check
234,0.0007486972522760158,863.8958723171046,8153.253963753096,7543.908091435992,True,446.1418706955253,15.407444076823477,quick_check
235,0.0002672279423691303,222.06903990351867,7692.8729097817995,7725.353869878281,False,,52.059247729029934,quick_check
236,0.0004650571011182693,533.7994031424766,7655.050737471156,7375.801334328679,True,429.1425372195354,112.45140965553013,quick_check
237,0.0004957978043932242,401.45290156854077,7830.973328456838,7684.070426888297,True,319.5449441386665,16.67609824660013,quick_check
238,0.00020912231388357165,226.3431988134184,7361.4566388313,7389.663440017882,False,,42.863667145425126,quick_check
239,0.00018050597122338808,167.9340040413422,7167.521776302064,7254.137772260721,False,,75.6728778596603,quick_check
240,0.00017922599257596576,190.17644616345774,7077.191495825104,7141.565049661646,False,,56.06395502770183,quick_check
241,0.0007566491325479067,784.705888687949,7715.999219745259,7185.843331057311,True,314.57939504798776,55.61522776759091,quick_check
242,0.0013003951521796924,1302.5297388239603,8495.418445248051,7447.438706424091,True,691.425599352667,36.701910229976804,quick_check
243,0.00028512863029842033,258.15280679799014,7531.728375626493,7528.125568828504,True,310.5457387792582,69.77095089088347,quick_check
244,0.00034303363614159114,315.0545320589756,7585.896814775788,7525.392282716813,True,424.99843406150654,20.661430284665382,quick_check
245,0.000599311025588574,583.8776387633374,8027.366361616474,7698.038722853137,True,307.8932071920932,43.758053468816655,quick_check
246,0.00014105592934250235,143.16124028315815,7813.124393544454,7924.513153261296,False,,50.83029453853468,quick_check
247,0.00017089961649444874,153.00534012161023,7409.771443539836,7511.316103418226,False,,25.560524224799494,quick_check
248,0.0010014140858772675,971.5552356468444,8187.380783344306,7470.375547697462,True,310.7317232523839,46.570694595172384,quick_check
249,0.0005638596483631892,532.3816379799564,7604.202765872578,7326.371127892622,True,308.1615912545556,73.45218707751837,quick_check
250,0.0002642725755043468,299.8830163449676,7432.071360480555,7386.738344135588,True,445.0112276188059,30.57614733976316,quick_check
251,6.870327999047457e-05,74.93819412868224,7471.935719050153,7651.547524921471,False,,67.2220109905102,quick_check
252,0.00041334103550259995,487.9216634761542,7785.665457761291,7552.293794285137,True,279.59261634816437,56.229179180804095,quick_check
253,0.00038695736183668247,437.67716185844586,7713.038436016305,7529.911274157859,True,287.28585818139703,28.766986156019303,quick_check
254,0.00035349201751069256,391.7413370236301,7737.710544560768,7600.519207537138,True,390.1522852250007,74.77414350418752,quick_check
255,0.001046135578817474,1099.6645528220688,8288.124913130312,7443.010360308244,True,334.4686220745575,29.450313685398395,quick_check
256,0.00017707120110278002,185.62811023751678,7381.586916534419,7450.508806296903,False,,35.39742552019981,quick_check
257,0.0003252223040975923,317.4360662092612,7551.795857634606,7488.909791425345,True,255.10959936722722,29.449755244397057,quick_check
258,0.00017204932123808934,192.6667001184429,7528.293246779736,7590.176546661293,False,,102.28483635397407,quick_check
259,0.0009747248723933673,776.7515907645076,8160.260581953429,7638.058991188922,True,381.73973617373053,43.2004633487125,quick_check
260,0.0001405043713568244,130.42812214557955,7083.404993682303,7207.526871536724,False,,49.80125673812496,quick_check
261,0.00020491973141259487,235.06705826063703,7582.286682606436,7601.7696243457995,False,,26.0213128121758,quick_check
262,0.00014498534885234128,145.8336870044636,7248.638047293409,7357.354360288946,False,,34.43023745672156,quick_check
263,0.0007281159907641724,739.3145072746225,8133.139612521961,7648.375105247338,True,428.52246691057746,16.413752766860704,quick_check
264,0.0006173030649402595,551.4990051566953,7827.170952822089,7530.221947665394,True,356.12994141544823,54.20395086237112,quick_check
265,0.00032618410851067086,327.6815961648882,7458.049721452559,7384.9181252876715,True,329.8736204395761,31.09877666302044,quick_check
266,0.0005357943616102429,519.4437042020991,7678.427265948838,7413.533561746739,True,336.13809534117047,75.7734981980962,quick_check
267,0.0005423885825602777,553.891133821363,7676.235683915872,7376.894550094509,True,347.71942716850594,69.76864534335036,quick_check
268,0.0003156040670352086,275.3612951915658,7580.715334632856,7559.9040394412905,True,351.06066334443494,51.859140731978016,quick_check
269,0.00017975341986407325,206.87155687857515,7275.889583140911,7323.5680262623355,False,,134.69153773145945,quick_check
270,0.00014985699818951834,126.86149163370403,7376.56017513782,7504.248683504116,False,,9.69841414094571,quick_check
271,0.0005804309200285856,399.8510191028874,7466.624761117113,7321.323742014226,True,576.5877078921316,49.61686933973695,quick_check
272,0.0004985614189357607,494.01840698111175,7486.635529384997,7247.1671224038855,True,547.8256409330031,48.089719598593426,quick_check
273,0.00016425032970514224,158.73284541554963,7365.084713137715,7460.901867722166,False,,46.568376802930885,quick_check
274,0.0009043918092872324,1043.0315403180803,8342.296876204193,7553.815335886112,True,258.1366693962234,71.22045137875037,quick_check
275,0.0008548829024840874,1014.6570376139149,8282.97854386019,7522.871506246275,True,665.6408666432848,134.37397193099994,quick_check
276,0.0002956556771175299,254.61141862914377,7574.226061334494,7574.164642705351,True,308.42693941949113,86.66415072748623,quick_check
277,0.00028641151714490213,282.7195168824213,7366.003915405131,7337.83439852271,True,293.7391615580672,61.268031172972464,quick_check
278,0.00015751512165992654,176.72477977669584,7434.957927643779,7512.783147867083,False,,45.315085024673635,quick_check
279,0.00028741326321039666,336.58891341630977,7446.432554434751,7364.3936410184415,True,307.1760567968983,6.872549928525395,quick_check
280,0.0005246907761774529,636.8499603319322,7754.838361378113,7372.538401046181,True,386.26747808240333,94.7466078872549,quick_check
281,0.001281131452406226,1538.8313159284753,8896.181376273707,7611.900060345233,True,358.49796891131496,41.79868655733587,quick_check
282,0.000234153284449146,294.0012141131287,7363.837460266368,7324.38624615324,True,293.7553402450152,70.27789652927545,quick_check
283,0.00032281744230752197,259.7509047555142,7328.263769441989,7323.062864686475,True,373.6010479043219,47.78833314419707,quick_check
284,0.0005021146725991509,515.37724442479,7831.408622660799,7570.581378236009,True,455.44519713418657,22.504706968062862,quick_check
285,0.0002400781304203207,248.5182774456099,7340.2121011780655,7346.243823732456,False,,32.64620643271853,quick_check
286,0.00029726737383197816,318.9258970384318,7571.64016931597,7507.264272277538,True,278.54668649887077,46.31549725114021,quick_check
287,0.00024408796324821755,276.7677506076845,7739.100253310545,7716.882502702861,True,350.6622987821319,24.56560321316927,quick_check
288,0.00041986154175544335,448.61518069659076,7578.055564000153,7383.990383303562,True,300.426949901504,98.83256524916222,quick_check
289,0.0005633632217175685,499.939465496693,7709.774189771531,7464.384724274839,True,707.4502238136779,14.855447019141174,quick_check
290,0.0010660557354342883,1114.4069441845893,8311.491866731692,7451.634922547103,True,401.887167752326,132.26755622982097,quick_check
291,0.0005223755466605591,509.09589419262363,7723.2514584134715,7468.705564220848,True,298.66717426516936,17.811503880449607,quick_check
292,0.0010964166972208815,945.2379065007074,8086.171871806184,7395.483965305477,True,440.73100213936476,52.18739015186847,quick_check
293,0.0004367036859938608,458.68090262300365,7650.083163504309,7445.952260881305,True,521.5612558901322,46.56983716748263,quick_check
294,0.0004642801462922147,481.92213183583334,7936.344195524178,7708.972063688345,True,453.3815037447394,115.05774537789854,quick_check
295,0.00046666374008719837,488.8423974022615,7813.557293762764,7579.2648963605025,True,248.65629724491598,67.19095546577847,quick_check
296,0.0002825205264727658,287.8375152914004,7480.772587163395,7447.4850718719945,True,248.7689006166068,45.88954885012378,quick_check
297,0.0006369723944979662,613.2517951659819,7554.546279595886,7195.844484429904,True,431.26706540477585,22.7564409172029,quick_check
298,0.00024297195807192082,237.56584194824362,7389.540214314301,7406.524372366058,False,,23.343337826613556,quick_check
299,0.00015360261980037413,176.7209874834437,7368.105883755798,7445.934896272354,False,,51.768966509076186,quick_check
300,0.00016882876026121538,178.9338581767556,7241.187027767428,7316.803169590673,False,,67.92911425367816,quick_check
301,0.00022182042489625012,265.2684068197794,7500.23601008807,7489.51760326829,True,304.7645065246686,39.46518725621397,quick_check
302,0.0003463139290863067,296.6035549788066,7318.036739577195,7275.983184598388,True,426.1755332022343,114.43769556112738,quick_check
303,0.0002632475906270304,264.7730225867528,7641.199416279609,7630.976393692857,True,345.1224482700401,19.946666852985345,quick_check
304,0.0004552793786243678,527.7831515567867,7630.687340660833,7357.454189104046,True,618.4144048804798,80.38163380698369,quick_check
305,0.0003030058826804398,265.9314805786828,7472.519044727244,7461.137564148562,True,295.14381180946157,49.20750415003903,quick_check
306,0.00029959037658506605,249.97800502477114,7524.06820991025,7528.640204885479,False,,66.03623618283777,quick_check
307,0.00030032592686219663,325.10101333049914,7461.853982285274,7391.302968954775,True,448.92649133011537,26.35582229947775,quick_check
308,0.00011692750100927075,104.80501021691474,7233.896573969784,7383.64156375287,False,,39.43677852340256,quick_check
309,0.000196005272672469,189.3888302914316,7315.711170743241,7380.87234045181,False,,31.451777700619843,quick_check
310,0.00022419136158678563,212.51829786765455,7372.970167525022,7415.001869657367,False,,106.42968056805782,quick_check
311,0.00020043038123982322,240.79561629879007,7229.448738420388,7243.2031221215975,False,,43.6810124590326,quick_check
312,0.0002524632735415835,220.09742116193917,7476.153115412675,7510.605694250736,False,,39.43063281713114,quick_check
313,0.00021098736052050792,235.27536099065264,7513.206043082007,7532.4806820913545,False,,59.5701001549031,quick_check
314,0.00010363253311348072,89.56387714701758,7252.113314594752,7417.099437447735,False,,29.49598790583035,quick_check
315,0.00037993926208718565,336.09239680243405,7725.005334296494,7643.46293749406,True,411.62215226661925,59.09882120556195,quick_check
316,0.0004327360420451766,349.9589532254751,7832.7805089515305,7737.371555726056,True,439.2990235233266,46.610842962747036,quick_check
317,0.0012226791627273279,1024.7590581871887,8083.968734012897,7313.759675825709,True,448.8982759180012,59.03666524756204,quick_check
318,0.0002384757026740192,217.8025087891434,7175.481337108354,7212.22882831921,False,,18.917024211724943,quick_check
319,0.00011758802585835501,117.80233279884234,7196.961382651582,7333.7090498527405,False,,18.420097299780625,quick_check
320,0.0007795857957593109,878.8045699031962,8076.175380593691,7451.920810690495,True,351.4594922922976,20.646125344076548,quick_check
321,0.0006836270795243068,669.2442655080695,7882.444669788317,7467.7504042802475,True,450.6058731812813,1.911908729156662,quick_check
322,0.00017751773382227142,175.6811682542823,7254.02585467679,7332.894686422508,False,,59.549650524110085,quick_check
323,0.001713266906480924,1526.3886267940295,8920.120623636656,7648.2819968426265,True,791.1094599980422,25.707105436195718,quick_check
324,0.0002790475466889853,243.9057095454291,7338.804403881674,7349.448694336245,False,,74.63309044826016,quick_check
325,0.000287274514615903,292.30019188984784,7583.342217639316,7545.592025749468,True,291.96970731653096,49.00797665127607,quick_check
326,0.0004128463717213531,495.5612552617662,7620.366410914855,7379.355155653089,True,584.2157974924595,90.18075250180564,quick_check
327,0.00015588097326842373,164.29574853409775,7453.99222572102,7544.246477186923,False,,23.912527477555734,quick_check
328,0.0001859151135205474,203.95083946106607,7424.911994381147,7475.511154920082,False,,13.365847041898913,quick_check
329,0.0008059486193306912,785.1358619616544,8021.756914727881,7491.171052766227,True,389.79995509436606,21.385926580307732,quick_check
330,0.0009166361386595012,910.7411091058918,8336.251344160622,7680.060235054731,True,441.1756025635845,47.537518588301914,quick_check
331,0.00011481976503359465,125.80978922733262,7380.272177560792,7509.01238833346,False,,49.46819236211729,quick_check
332,0.0006918022342955022,758.5153549738362,7853.36897226836,7349.403617294524,True,299.9198278328303,8.238949165979186,quick_check
333,0.0004218328684523916,370.6237177492603,7627.565429052885,7511.4917113036245,True,340.07115457067,63.23555421863509,quick_check
334,0.0007210546142827101,906.2799186503946,7971.329040884565,7319.599122234171,True,365.87992993096015,64.77926712556601,quick_check
335,0.0006457233598125624,552.4218964817129,7484.784776331075,7186.912879849362,True,641.7952277826204,10.830877941783228,quick_check
336,0.00014322343439648584,158.4465566511158,7295.936883755109,7392.040327103993,False,,34.78104976693582,quick_check
337,0.00022251792649824565,236.05193410123877,7215.461692656203,7233.9597585549645,False,,32.642042635252196,quick_check
338,0.000265986725176027,266.56778020762357,7588.44586995482,7576.428089747197,True,255.0070973876575,11.0925974104801,quick_check
339,0.0003181638658575866,305.21607383213114,7533.232164900965,7482.566091068834,True,278.1723882295241,69.88753411851916,quick_check
340,0.00011953027200743745,109.46288650317106,7148.4433918841705,7293.530505381,False,,17.781972933236283,quick_check
341,0.00035477755928000997,372.2831802782421,7655.107901789024,7537.374721510782,True,280.8873552987439,16.10301343992519,quick_check
342,0.00016954834838696917,178.06712509333403,7471.143833671775,7547.626708578441,False,,3.088996501599807,quick_check
343,0.0005715529640385583,599.912011125422,7508.5445889816165,7163.182577856194,True,523.4589340180036,32.324809714409,quick_check
344,0.0005096092470417461,483.30006196747973,7534.087745624683,7305.337683657203,True,513.4896982456469,114.05447494909092,quick_check
345,0.0001734976324530426,209.48734675339043,7527.926258092909,7572.988911339518,False,,64.59459556524196,quick_check
346,0.0006880570335584631,605.650577476235,7549.789851461421,7198.689273985186,True,268.73287765816013,38.269099193754926,quick_check
347,8.428499912977458e-05,85.23052453724935,7285.3567553266075,7454.676230789359,False,,32.286782589949595,quick_check
348,0.00016178239253847077,161.43325193456855,7385.932359491424,7479.049107556855,False,,62.48272107874734,quick_check
349,0.0005709574933153574,563.7418586322717,7879.463620017849,7570.2717613855775,True,272.17886261653086,39.546955195786,quick_check
350,0.00023463592633970936,213.172027249665,7355.698326641809,7397.076299392144,False,,25.010637701487237,quick_check
351,0.0002532513152288616,233.95793813833484,7551.469478048235,7572.061539909901,False,,76.74284653508441,quick_check
352,0.0007550784517451617,728.8162984974468,8125.706329165568,7651.440030668121,True,348.9335663498697,35.602186571861914,quick_check
353,0.0003725204095660439,384.51954897383916,7694.99330557,7565.023756596162,True,445.8765870063763,13.64552924551412,quick_check
354,0.00032080247090661364,319.8671762752275,7634.9981525595085,7569.680976284281,True,352.3059913152841,173.35586284226738,quick_check
355,0.000914017474127048,985.2421099465545,8193.781850963793,7463.089741017239,True,414.4924645052222,36.13730940957847,quick_check
356,0.00014152473304368133,157.4015243673088,7318.536135860526,7415.684611493218,False,,39.48808582895857,quick_check
357,0.000933740304261319,862.5556957923412,8073.382084112279,7465.376388319938,True,400.46985941858884,37.75404972660902,quick_check
358,0.0006434355530983782,502.59346660035345,7519.109942696656,7271.066476096303,True,371.1946116775664,99.94505719113403,quick_check
359,0.0006089375773113934,689.0418261414712,7877.084972990852,7442.593146849381,True,402.1719542637877,51.62119859455876,quick_check
360,0.00014418238054086425,149.73299322577623,7392.4960534137135,7497.3130601879375,False,,49.772532469692905,quick_check
361,0.00017691049016046437,185.29006306252285,7455.622363844049,7524.882300781526,False,,53.916525332039924,quick_check
362,0.0007290561679688279,654.5083488160772,7776.9680951494765,7377.0097463334,True,408.2194460896956,26.071254027529513,quick_check
363,9.984149864347925e-05,90.16237522427141,7292.243665379042,7456.631290154771,False,,50.56057490074702,quick_check
364,0.0003648990774255472,379.6616121475786,7384.087519323779,7258.975907176201,True,425.1080507770578,58.743038680846055,quick_check
365,0.00047215410506287265,507.27317665438403,7892.628781408321,7639.905604753937,True,392.39754947263157,8.165630557323457,quick_check
366,0.00011933200997639421,152.07086363129145,7335.858470243345,7438.3376066120545,False,,40.93237508606842,quick_check
367,0.0007096493652697177,626.5348513151895,7621.639282861146,7249.654431545957,True,367.87710649089223,12.885927600238247,quick_check
368,0.00035566158359918835,356.37851054302627,7518.927940667016,7417.09943012399,True,409.7977457036638,28.505482069617415,quick_check
369,0.00032898831548495354,416.31020973633673,7600.464137310903,7438.7039275745665,True,475.7946027089512,90.2255749444019,quick_check
370,0.0003130147045147129,310.7952296420221,7436.262427669946,7380.017198027925,True,292.66515244482,21.161118222116713,quick_check
371,7.037507612960119e-05,70.67753414012398,7276.513257109771,7460.385722969647,False,,97.29609205526769,quick_check
372,0.00034557540802071594,320.97037940560165,7453.105581878543,7386.6852024729415,True,331.6865109390024,53.80340362223375,quick_check
373,0.000469793110196101,518.0161122214355,7598.14820253981,7334.682090318374,True,362.4028176616856,56.68455857853408,quick_check
374,0.00029718492585694973,289.6553634686249,7595.415115847228,7560.309752378603,True,360.15903954358254,97.21022179887494,quick_check
375,0.00015310894654939122,138.89122537393663,7458.309189805221,7573.967964431285,False,,54.2968016879488,quick_check
376,0.00044615408951314563,407.2034008952376,7528.508464670451,7375.855063775213,True,296.59445353625944,103.30154318809305,quick_check
377,0.0008737064766711839,859.994620991892,7853.997689752937,7248.553068761045,True,378.451005327766,20.87699239283095,quick_check
378,0.0001903675350579963,181.86946652729725,7384.841877445986,7457.522410918689,False,,85.88088725918148,quick_check
379,0.0002693548177626118,271.7577079792951,7210.820098428509,7193.612390449213,True,313.4559049862978,114.97165594854361,quick_check
380,0.0002608718582485866,271.77761726516377,7361.277762534325,7344.0501452691615,True,266.37491811666433,75.92084441117714,quick_check
381,0.0006139823223992322,591.7387014536642,7649.909090474973,7312.720389021309,True,473.8863023897945,65.16377084530248,quick_check
382,0.0002473476531166721,221.22653813169651,7416.561068179972,7449.884530048275,False,,26.971278351452554,quick_check
383,0.0006483772753991779,628.096738896728,7589.08959225726,7215.542853360532,True,337.6211693025159,16.90907684239621,quick_check
384,0.00030202293381236634,310.52224561191184,7663.723241107728,7607.750995495817,True,306.05447445713014,25.81019858866629,quick_check
385,0.0006987621924147583,755.763374415023,7946.208722856218,7444.995348441195,True,318.5171228496708,58.94941814481756,quick_check
386,0.0004702688894537382,505.0177630679938,7733.593986646359,7483.126223578365,True,241.4654516184495,13.69675752340791,quick_check
387,0.0003968321874957837,433.0952515795999,7638.697794699431,7460.1525431198315,True,203.5788519545559,12.183620715845924,quick_check
388,0.0006390952780109167,742.5707449608783,7863.638793477895,7375.618048517017,True,456.2624367551876,103.86177996991461,quick_check
389,0.00020651647804091722,175.3176628719805,7252.702842649915,7331.9351797779345,False,,33.05896020398206,quick_check
390,0.0003312847104093507,320.4650442519828,7543.9295122969,7478.0144680449175,True,307.8065623060815,29.1513736520805,quick_check
391,0.00026370647551619933,255.82223884053798,7587.827158281212,7586.554919440674,True,672.4320029232817,44.553939606038526,quick_check
392,0.0004996399561632682,541.0319440859222,7821.421277186238,7534.939333100316,True,328.72644113933796,47.439663134579966,quick_check
393,0.0002224621354300391,200.33966304267057,7301.162425890124,7355.3727628474535,False,,24.866791204702686,quick_check
394,0.0003115645229939419,341.45510618727457,7444.87478009239,7357.969673905116,True,383.18781477270414,27.515078716985062,quick_check
395,0.0008534609913902393,830.5359709026719,7897.130845002641,7321.1448740999695,True,514.2623891863701,39.46915066320122,quick_check
396,0.00021411258889667312,248.53173850240256,7694.2607317139855,7700.278993211583,False,,54.73920650385837,quick_check
397,9.824015760014872e-05,89.61146672579076,7159.869714615312,7324.808247889521,False,,43.5107395339644,quick_check
398,0.00031346587164380035,293.9172200000656,7565.1532542982495,7525.786034298184,True,287.80076403437243,39.83655439701102,quick_check
399,9.038327534634706e-05,85.81709716855342,7062.6024757407395,7231.3353785721865,False,,21.29992984656654,quick_check
400,0.00013316421325887235,128.68664798050978,7478.493398171531,7604.356750191022,False,,37.914216407596385,quick_check
401,0.0003521016431373404,335.2732800325331,7652.554369533968,7571.831089501436,True,324.8904746269613,77.87184423370019,quick_check
402,0.0001221539296714179,124.23300179754786,7228.811419245129,7359.128417447581,False,,33.587348582458446,quick_check
403,0.000195510089910209,223.00318655743544,7386.254616929974,7417.801430372539,False,,35.18245648576608,quick_check
404,0.0005909757462356571,514.7595066119019,7718.567871669367,7458.358365057466,True,334.99027210776757,11.98789448753166,quick_check
405,0.00028978794862981436,309.2406425966735,7805.25648565661,7750.565843059936,True,344.4706726169401,56.26999007032569,quick_check
406,0.0001627310249719973,164.11088963272752,7417.439691792185,7507.878802159457,False,,15.27762727710649,quick_check
407,0.0003948744594947124,388.10919458318165,7794.534973232783,7660.975778649602,True,308.58846381310826,53.67557459252777,quick_check
408,0.0002273113806530011,224.14591208876874,7299.92328286469,7330.327370775922,False,,92.98900218909733,quick_check
409,0.00016639269083618753,165.5464229217904,7482.093875784897,7571.097452863107,False,,28.32259069860066,quick_check
410,0.0001934759274812075,206.29680981182113,7429.297540791329,7477.550730979508,False,,28.58975481271164,quick_check
411,0.0002652026127653794,231.22049314924834,7612.589033055519,7635.918539906271,False,,31.53281525806116,quick_check
412,0.00014946083170881613,152.56629293014927,7345.325127553197,7447.308834623048,False,,146.3344647367488,quick_check
413,7.798099723004426e-05,72.86036257471376,7408.230314613161,7589.919952038447,False,,127.8458478962568,quick_check
414,0.0003509353869919564,396.8276350286918,7621.55459718558,7479.276962156889,True,241.17468815979873,49.83941262816988,quick_check
415,0.0003463770872889935,362.51896426990726,7615.3237026814995,7507.354738411593,True,311.86544309443207,63.78707821035447,quick_check
416,0.000653966628013787,718.8071668912459,7840.502666750367,7376.245499859121,True,365.816008067834,79.97312362938447,quick_check
417,0.000449068193600313,500.05407855028596,7694.027153793434,7448.523075243148,True,481.533459732692,9.58887917989329,quick_check
418,0.00032141895216271447,313.87258190328976,7712.56315336569,7653.2405714624,True,292.7538572714109,116.9697325923795,quick_check
419,0.0002090109098640417,206.99840327096314,7216.854404135409,7264.406000864446,False,,1.6097957514540218,quick_check
420,0.00011443140740100322,111.31918219413039,7249.0685754551605,7392.299393261031,False,,54.46760160390576,quick_check
421,0.00011292913180683296,107.39502757548561,7338.18793603878,7485.342908463294,False,,63.74102688615846,quick_check
422,0.00019621955960517532,198.19471064063774,7221.12692830801,7277.482217667372,False,,43.286419134953476,quick_check
423,0.00026569888421711324,230.1906189596144,7527.214506920251,7551.573887960636,False,,58.01612667377997,quick_check
424,0.0006223752607306286,619.6113574616041,7672.721729213121,7307.660371751517,True,390.94791066669893,30.075534974107107,quick_check
425,0.0003069735579078272,304.95992472240283,7664.895912383153,7614.48598766075,True,390.89119962559386,44.40350537508361,quick_check
426,0.000784627540063036,713.6155359582339,7986.635635784323,7527.57009982609,True,418.15955165196914,28.35901882242569,quick_check
427,0.00024463164166103624,247.60990571867026,7392.645944260244,7399.5860385415735,False,,72.84425104861194,quick_check
428,0.00041884749890499275,377.68586372839644,7544.703801733642,7421.567938005245,True,378.386847125245,19.548179473288695,quick_check
429,0.0001315146698291076,114.17647033640232,7426.818829289297,7567.192358952895,False,,28.391962808388346,quick_check
430,0.00013919444513755272,144.41132654241892,7345.977392395711,7456.116065853293,False,,24.566416923990946,quick_check
431,0.00042784124424818633,404.44873852334877,7588.939080430136,7439.040341906787,True,362.8964249255268,20.418125077777557,quick_check
432,0.0004590658758990131,505.24254609149455,7987.29418184243,7736.601635750935,True,440.1937675163154,9.099492842526548,quick_check
433,0.00012773249687054506,117.06073741756106,7214.939538129118,7352.428800711557,False,,24.39712057950079,quick_check
434,0.0003606973842237346,380.65732895933195,7758.828549127727,7632.721220168395,True,537.7080715823868,23.654954356987435,quick_check
435,0.00023099974957047732,213.23226366466585,7611.7899664684155,7653.10770280375,False,,5.681778403706734,quick_check
436,0.00019612443218980862,190.9282031419263,7576.148783850365,7639.770580708439,False,,91.77323073337075,quick_check
437,0.00025943472017697595,279.9860033011392,7602.2622120772285,7576.8262087760895,True,321.90679930859005,49.94041959607789,quick_check
438,0.00014628967835206164,163.818702498593,7192.5053467561675,7283.236644257575,False,,56.235904284580656,quick_check
439,0.0002814955323096458,275.2116433591581,7493.806260166211,7473.144616807053,True,365.8347479784531,33.96366448248904,quick_check
440,0.00047328127670294754,390.24663175488047,7561.349892108477,7425.653260353597,True,255.10865839408086,6.459491899720403,quick_check
441,0.0006306794002927939,693.7232257358648,7634.400196563085,7195.226970827221,True,454.9324145206845,54.39991911476092,quick_check
442,0.00012080409298967465,124.61043145431,7336.496207188864,7466.435775734554,False,,52.95548933544853,quick_check
443,0.00038686281769249983,348.2573252130112,7283.493497222431,7189.78617200942,True,322.01910462935274,57.379321888162806,quick_check
444,0.00027435822698238074,287.66842518274274,7417.45511943117,7384.336694248427,True,334.49638692908906,63.62362465584328,quick_check
445,0.0017655249148805796,1683.082022381957,8877.603341921576,7449.071319539619,True,955.2984812190313,66.42317283731163,quick_check
446,0.0009177263086852562,788.085811533897,7899.530991436917,7365.9951799030205,True,350.11420717949085,98.24855054451434,quick_check
447,0.00021506321090735152,183.18775341018625,7472.300790879077,7543.663037468891,False,,101.19373059850432,quick_check
448,0.0002343164400179666,272.0830352217187,7710.235841645542,7692.702806423823,True,333.5250307248891,30.283379973696597,quick_check
449,0.00037667488057788374,385.897227183544,7610.145926618157,7478.798699434614,True,288.55094898537453,53.840917962776416,quick_check
450,0.00016095089795046839,149.61141359475604,7631.876335949669,7736.814922354913,False,,82.19050745811155,quick_check
451,0.00017819777031527774,183.6918761802652,7385.316962348564,7456.175086168299,False,,60.351186439092324,quick_check
452,0.00024398951842411574,237.83969203512976,7433.303855851359,7450.0141638162295,False,,102.03872284417245,quick_check
453,8.782455967756972e-05,85.5051479570398,7212.02971862135,7381.07457066431,False,,48.31845900001389,quick_check
454,0.0006588141115857714,690.8583645134106,7715.8752637694915,7279.566899256081,True,550.0604650627405,21.999861408448037,quick_check
455,0.0003603434461667743,429.77135710619126,7600.623446753839,7425.402089647648,True,557.824100649749,24.692673166493357,quick_check
456,0.000233468566262129,228.85459683297267,7477.942035833575,7503.637439000602,False,,63.45599875446335,quick_check
457,0.0014694805581881392,1540.3638400206444,8690.489812306016,7404.675972285371,True,375.35123470064394,68.13533692604584,quick_check
458,0.00023082492634222347,241.74816428412038,7441.159490259231,7453.96132597511,False,,13.504675906416201,quick_check
459,0.00042313429608782665,415.84507794488604,7680.709891701044,7519.414813756159,True,387.277704802094,88.77311061035134,quick_check
460,0.0002411289254946947,240.30975018484776,7418.98664702362,7433.2268968387725,False,,60.32861087230697,quick_check
461,0.0002098911449360695,209.20989392844646,7469.447511318572,7514.787617390126,False,,49.018604979752986,quick_check
462,0.0001938891501586596,194.62651617380874,7275.207023671443,7335.130507497634,False,,56.12455454641546,quick_check
463,0.0003808428989514435,436.64542887747854,7674.21693238493,7492.121503507452,True,376.6807404026947,51.67194045988191,quick_check
464,0.0005847366097705855,646.8416181715476,7850.3810607424675,7458.08944257092,True,297.82699689347186,78.55451038664174,quick_check
465,0.000567824869147706,556.8135384114321,7862.083220112318,7559.819681700886,True,580.7031903220955,43.57481834868425,quick_check
466,0.0002875737695264676,316.27110141214865,7497.724004756397,7436.002903344249,True,220.66931195835235,62.969609449063185,quick_check
467,0.0002134971245071207,190.71639736373774,7429.976794676095,7493.810397312357,False,,83.99390401293391,quick_check
468,0.0004817459278973114,514.4338375252081,7444.16640859501,7184.282571069802,True,413.79321749779075,69.63656856735629,quick_check
469,0.00034965996462451524,301.4774665495162,7518.776632315804,7471.849165766288,True,348.71565812867874,44.7257523699992,quick_check
470,0.00018176401407068082,127.29226992503956,7395.486580094397,7522.744310169358,False,,21.70257032970032,quick_check
471,0.00020105021069274958,158.15258119078547,7422.254773122001,7518.652191931215,False,,37.58588536872874,quick_check
472,0.0001581423007731919,191.68498573186145,7384.074187397447,7446.939201665586,False,,108.37189809804985,quick_check
473,0.0005236355672774628,567.072935446611,7815.8700529213675,7503.3471174747565,True,579.2148006647601,64.21754676053854,quick_check
474,0.0001091928160246921,112.30889909998785,7565.563509494337,7707.80461039435,False,,17.261496867099673,quick_check
475,0.00012830375346249573,145.600361684863,7353.509159258149,7462.458797573287,False,,33.70933841104443,quick_check
476,0.00016600531992312428,140.18204333607605,7201.229744002907,7315.597700666831,False,,36.673374507423134,quick_check
477,0.00019247785088049137,192.0305399740716,7544.649873866293,7607.169333892221,False,,47.296809729491855,quick_check
478,0.00042212873276821353,448.56122535652526,7724.066370615422,7530.055145258897,True,305.87357889366086,21.012217036043946,quick_check
479,0.000704486152198844,651.9508316807769,7833.216859904106,7435.816028223329,True,393.3858207384849,138.33358426108254,quick_check
480,0.0002267605396971489,192.3863976334528,7419.984245005982,7482.14784737253,False,,11.959024603507816,quick_check
481,0.00013844261264294794,113.02007517549947,7240.8072627582405,7382.3371875827415,False,,73.9095343682045,quick_check
482,0.0007922060663174023,853.6870837203256,7839.112460407887,7239.975376687561,True,307.7611614158014,25.85793552270375,quick_check
483,5.351263995284417e-05,57.31272286805097,7462.547076766727,7659.784353898675,False,,85.38559873536707,quick_check
484,0.0002727309591713435,282.0087301017634,7438.138570018711,7410.679839916948,True,338.246035715921,125.84390867205761,quick_check
485,0.0001288198293056838,138.26450114712284,7692.750451960932,7809.035950813809,False,,66.7481390141024,quick_check
486,0.00027068502497936894,209.54612608170487,7400.611355218508,7445.6152291368035,False,,21.82633284864059,quick_check
487,0.0002411434564247523,273.70834365749647,7582.398424608355,7563.240080950858,True,312.9926092777331,90.84039929247875,quick_check
488,0.0002794578761932109,290.5243294326499,7481.657585466786,7445.683256034136,True,407.01826574784207,32.45071608745514,quick_check
489,0.00033913389530731996,362.43142055420026,7683.830634426909,7575.949213872708,True,275.82590012227365,60.53006937782017,quick_check
490,0.0006942527315416714,672.5606742790436,7760.22753332165,7342.216859042607,True,488.77986309089994,40.22200867367953,quick_check
491,0.0003148363309107563,362.621952823453,7583.555030925628,7475.483078102175,True,242.79511319345008,81.31075948509397,quick_check
492,0.0003724994244671943,369.46161211761984,7574.646370400722,7459.734758283103,True,333.416608414451,81.54664096822482,quick_check
493,7.895108365865845e-05,75.74109501670982,7246.74046800566,7425.54937298895,False,,58.08849985979536,quick_check
494,0.00018411338754174703,190.42412283673525,7322.884740421825,7387.01061758509,False,,4.56310305012167,quick_check
495,0.00019541459461111003,187.23139270576354,7427.7326132469,7495.051220541136,False,,54.654263814780386,quick_check
496,0.00038230827476454926,395.7892954775502,7578.557402004614,7437.318106527065,True,349.3235769553531,66.54921522743923,quick_check
497,0.00028233340198215867,335.0143075748154,7566.014137525531,7485.549829950715,True,304.1845119436027,106.55095933865366,quick_check
498,0.00014817512654790465,159.30817729616498,7372.970827744153,7468.212650447988,False,,38.619997536911924,quick_check
499,0.00037586695332097564,371.5191658371902,7416.647854556335,7299.678688719145,True,293.74994045291305,46.99107661052598,quick_check
500,0.0003072430786192726,292.55572548581887,7628.435884235936,7590.430158750118,True,297.0336456297457,49.97336675516424,quick_check
